"","Bacteria_Firmicutes_Bacilli_Lactobacillales_Streptococcaceae_Streptococcus_oralis_subsp._dentisani_clade_058","Bacteria_Firmicutes_Bacilli_Lactobacillales_Streptococcaceae_Streptococcus_salivarius","Bacteria_Bacteroidetes_Bacteroidia_Bacteroidales_Prevotellaceae_Prevotella_melaninogenica","Bacteria_Firmicutes_Bacilli_Lactobacillales_Streptococcaceae_Streptococcus_parasanguinis_clade_411","Bacteria_Proteobacteria_Gammaproteobacteria_Pasteurellales_Pasteurellaceae_Haemophilus_parainfluenzae","Bacteria_Firmicutes_Bacilli_Lactobacillales_Carnobacteriaceae_Granulicatella_adiacens","Bacteria_Firmicutes_Negativicutes_Veillonellales_Veillonellaceae_Veillonella_dispar","Bacteria_Actinobacteria_Actinobacteria_Actinomycetales_Micrococcaceae_Rothia_mucilaginosa","Bacteria_Actinobacteria_Actinobacteria_Actinomycetales_Micrococcaceae_Rothia_dentocariosa","Bacteria_Proteobacteria_Betaproteobacteria_Neisseriales_Neisseriaceae_Neisseria_NA","Bacteria_Bacteroidetes_Bacteroidia_Bacteroidales_Prevotellaceae_Prevotella_veroralis","Bacteria_Fusobacteria_Fusobacteriia_Fusobacteriales_Fusobacteriaceae_Fusobacterium_periodonticum","Bacteria_Actinobacteria_Actinobacteria_Actinomycetales_Actinomycetaceae_Actinomyces_sp._HMT_180","Bacteria_Actinobacteria_Actinobacteria_Actinomycetales_Actinomycetaceae_Actinomyces_sp._HMT_169","Bacteria_Proteobacteria_Betaproteobacteria_Neisseriales_Neisseriaceae_Neisseria_flava","Bacteria_Bacteroidetes_Bacteroidia_Bacteroidales_Prevotellaceae_Prevotella_salivae","Bacteria_Fusobacteria_Fusobacteriia_Fusobacteriales_Leptotrichiaceae_Leptotrichia_sp._HMT_417","Bacteria_Bacteroidetes_Bacteroidia_Bacteroidales_Prevotellaceae_Prevotella_sp._HMT_313","Bacteria_Firmicutes_Bacilli_Lactobacillales_Streptococcaceae_Streptococcus_mutans","Bacteria_Firmicutes_Clostridia_Clostridiales_Lachnospiraceae_.XIV._Lachnoanaerobaculum_orale","Bacteria_Actinobacteria_Coriobacteriia_Coriobacteriales_Coriobacteriaceae_Atopobium_parvulum","Bacteria_Bacteroidetes_Bacteroidia_Bacteroidales_Porphyromonadaceae_Porphyromonas_pasteri","Bacteria_Actinobacteria_Actinobacteria_Actinomycetales_Micrococcaceae_Rothia_aeria","Bacteria_Bacteroidetes_Bacteroidia_Bacteroidales_Prevotellaceae_Alloprevotella_sp._HMT_308","Bacteria_Bacteroidetes_Bacteroidia_Bacteroidales_Prevotellaceae_Prevotella_histicola","Bacteria_Proteobacteria_Epsilonproteobacteria_Campylobacterales_Campylobacteraceae_Campylobacter_concisus","Bacteria_Firmicutes_Bacilli_Bacillales_Gemellaceae_Gemella_morbillorum","Bacteria_Firmicutes_Bacilli_Lactobacillales_Carnobacteriaceae_Granulicatella_elegans","Bacteria_Firmicutes_Negativicutes_Veillonellales_Veillonellaceae_Veillonella_rogosae","Bacteria_Firmicutes_Clostridia_Clostridiales_Lachnospiraceae_.XIV._Stomatobaculum_sp._HMT_097","Bacteria_Fusobacteria_Fusobacteriia_Fusobacteriales_Fusobacteriaceae_Fusobacterium_sp._HMT_203","Bacteria_Firmicutes_Clostridia_Clostridiales_Peptostreptococcaceae_.XI._Peptostreptococcus_stomatis","Bacteria_Firmicutes_Bacilli_Lactobacillales_Aerococcaceae_Abiotrophia_defectiva","Bacteria_Firmicutes_Clostridia_Clostridiales_Lachnospiraceae_.XIV._Lachnoanaerobaculum_umeaense","Bacteria_Firmicutes_Clostridia_Clostridiales_Lachnospiraceae_.XIV._Lachnospiraceae_.G.2._bacterium_HMT_096","Bacteria_Firmicutes_Negativicutes_Veillonellales_Veillonellaceae_Veillonella_parvula","Bacteria_Fusobacteria_Fusobacteriia_Fusobacteriales_Fusobacteriaceae_Fusobacterium_nucleatum_subsp._vincentii","Bacteria_Firmicutes_Clostridia_Clostridiales_Lachnospiraceae_.XIV._Stomatobaculum_longum","Bacteria_Actinobacteria_Actinobacteria_Actinomycetales_Actinomycetaceae_Actinomyces_graevenitzii","Bacteria_Firmicutes_Bacilli_Lactobacillales_Streptococcaceae_Streptococcus_anginosus","Bacteria_Bacteroidetes_Bacteroidia_Bacteroidales_Prevotellaceae_Prevotella_pallens","Bacteria_Firmicutes_Clostridia_Clostridiales_Peptostreptococcaceae_.XI._Mogibacterium_diversum","Bacteria_Firmicutes_Bacilli_Lactobacillales_Lactobacillaceae_Lactobacillus_gasseri","Bacteria_Bacteroidetes_Bacteroidia_Bacteroidales_Prevotellaceae_Prevotella_nanceiensis","Bacteria_Firmicutes_Bacilli_Lactobacillales_Lactobacillaceae_Lactobacillus_fermentum","Bacteria_Fusobacteria_Fusobacteriia_Fusobacteriales_Leptotrichiaceae_Leptotrichia_hongkongensis","Bacteria_Firmicutes_Clostridia_Clostridiales_Peptoniphilaceae_Parvimonas_micra","Bacteria_Saccharibacteria_.TM7._Saccharibacteria_.TM7._.C.1._Saccharibacteria_.TM7._.O.1._Saccharibacteria_.TM7._.F.1._Saccharibacteria_.TM7._.G.1._bacterium_HMT_352","Bacteria_Firmicutes_Clostridia_Clostridiales_Peptostreptococcaceae_.XI._Peptostreptococcaceae_.XI..G.1._sulci","Bacteria_Fusobacteria_Fusobacteriia_Fusobacteriales_Leptotrichiaceae_Leptotrichia_sp._HMT_221","Bacteria_Absconditabacteria_.SR1._Absconditabacteria_.SR1._.C.1._Absconditabacteria_.SR1._.O.1._Absconditabacteria_.SR1._.F.1._Absconditabacteria_.SR1._.G.1._bacterium_HMT_875","Bacteria_Proteobacteria_Betaproteobacteria_Neisseriales_Neisseriaceae_Neisseria_oralis","Bacteria_Proteobacteria_Betaproteobacteria_Burkholderiales_Burkholderiaceae_Lautropia_mirabilis","Bacteria_Fusobacteria_Fusobacteriia_Fusobacteriales_Leptotrichiaceae_Leptotrichia_wadei","Bacteria_Firmicutes_Negativicutes_Veillonellales_Veillonellaceae_Veillonella_sp._HMT_780","Bacteria_Firmicutes_Clostridia_Clostridiales_Lachnospiraceae_.XIV._Oribacterium_asaccharolyticum","Bacteria_Proteobacteria_Gammaproteobacteria_Pasteurellales_Pasteurellaceae_Aggregatibacter_segnis","Bacteria_Firmicutes_Bacilli_Lactobacillales_Streptococcaceae_Streptococcus_intermedius","Bacteria_Firmicutes_Clostridia_Clostridiales_Ruminococcaceae_Ruminococcaceae_.G.1._bacterium_HMT_075","Bacteria_Bacteroidetes_Bacteroidia_Bacteroidales_Prevotellaceae_Alloprevotella_sp._HMT_473","Bacteria_Proteobacteria_Gammaproteobacteria_Pasteurellales_Pasteurellaceae_Haemophilus_paraphrohaemolyticus","Bacteria_Firmicutes_Clostridia_Clostridiales_Ruminococcaceae_Ruminococcaceae_.G.2._bacterium_HMT_085","Bacteria_Firmicutes_Clostridia_Clostridiales_Peptostreptococcaceae_.XI._Peptostreptococcaceae_.XI..G.9._brachy","Bacteria_Actinobacteria_Actinobacteria_Bifidobacteriales_Bifidobacteriaceae_Alloscardovia_omnicolens","Bacteria_Bacteroidetes_Bacteroidia_Bacteroidales_Prevotellaceae_Prevotella_nigrescens","Bacteria_Proteobacteria_Betaproteobacteria_Neisseriales_Neisseriaceae_Kingella_oralis","Bacteria_Firmicutes_Bacilli_Lactobacillales_Lactobacillaceae_Lactobacillus_salivarius","Bacteria_Actinobacteria_Actinobacteria_Bifidobacteriales_Bifidobacteriaceae_Bifidobacterium_dentium","Bacteria_Actinobacteria_Actinobacteria_Corynebacteriales_Corynebacteriaceae_Corynebacterium_durum","Bacteria_Bacteroidetes_Bacteroidia_Bacteroidales_Porphyromonadaceae_Porphyromonas_gingivalis","Bacteria_Firmicutes_Bacilli_Lactobacillales_Streptococcaceae_Streptococcus_constellatus","Bacteria_Fusobacteria_Fusobacteriia_Fusobacteriales_Fusobacteriaceae_Fusobacterium_NA","Bacteria_Firmicutes_Negativicutes_Selenomonadales_Selenomonadaceae_Selenomonas_sp._HMT_136","Bacteria_Firmicutes_Bacilli_Lactobacillales_Lactobacillaceae_Lactobacillus_ultunensis","Bacteria_Actinobacteria_Actinobacteria_Actinomycetales_Actinomycetaceae_Actinomyces_lingnae_.Not_Validly_Published.","Bacteria_Fusobacteria_Fusobacteriia_Fusobacteriales_Leptotrichiaceae_Leptotrichia_sp._HMT_215","Bacteria_Firmicutes_Negativicutes_Veillonellales_Veillonellaceae_Megasphaera_micronuciformis","Bacteria_Firmicutes_Negativicutes_Veillonellales_Veillonellaceae_Veillonella_sp._HMT_917","Bacteria_Fusobacteria_Fusobacteriia_Fusobacteriales_Leptotrichiaceae_Leptotrichia_sp._HMT_218","Bacteria_Proteobacteria_Epsilonproteobacteria_Campylobacterales_Campylobacteraceae_Campylobacter_gracilis","Bacteria_Proteobacteria_Epsilonproteobacteria_Campylobacterales_Campylobacteraceae_Campylobacter_rectus","Bacteria_Firmicutes_Clostridia_Clostridiales_Peptostreptococcaceae_.XI._Filifactor_alocis","Bacteria_Bacteroidetes_Flavobacteriia_Flavobacteriales_Flavobacteriaceae_Capnocytophaga_leadbetteri","Bacteria_Bacteroidetes_Flavobacteriia_Flavobacteriales_Flavobacteriaceae_Bergeyella_sp._HMT_206","Bacteria_Bacteroidetes_Bacteroidia_Bacteroidales_Prevotellaceae_Prevotella_denticola","Bacteria_Proteobacteria_Betaproteobacteria_Neisseriales_Neisseriaceae_Neisseria_cinerea","Bacteria_Bacteroidetes_Flavobacteriia_Flavobacteriales_Flavobacteriaceae_Capnocytophaga_granulosa","Bacteria_Firmicutes_Negativicutes_Veillonellales_Veillonellaceae_Dialister_invisus","Bacteria_Firmicutes_Bacilli_Lactobacillales_Lactobacillaceae_Lactobacillus_iners","Bacteria_Proteobacteria_Gammaproteobacteria_Pasteurellales_Pasteurellaceae_Haemophilus_NA","Bacteria_Bacteroidetes_Bacteroidia_Bacteroidales_Porphyromonadaceae_Tannerella_forsythia","Bacteria_Proteobacteria_Gammaproteobacteria_Pseudomonadales_Pseudomonadaceae_Pseudomonas_fluorescens","Bacteria_Bacteroidetes_Bacteroidia_Bacteroidales_Porphyromonadaceae_Porphyromonas_endodontalis","Bacteria_Bacteroidetes_Flavobacteriia_Flavobacteriales_Flavobacteriaceae_Bergeyella_sp._HMT_322","Bacteria_Bacteroidetes_Bacteroidia_Bacteroidales_Prevotellaceae_Prevotella_oris","Bacteria_Proteobacteria_Epsilonproteobacteria_Campylobacterales_Campylobacteraceae_Campylobacter_sp._HMT_044","Bacteria_Bacteroidetes_Bacteroidia_Bacteroidales_Prevotellaceae_Alloprevotella_sp._HMT_914","Bacteria_Bacteroidetes_Bacteroidia_Bacteroidales_Prevotellaceae_Prevotella_NA","Bacteria_Actinobacteria_Actinobacteria_Bifidobacteriales_Bifidobacteriaceae_Scardovia_wiggsiae","Bacteria_Actinobacteria_Actinobacteria_Bifidobacteriales_Bifidobacteriaceae_Parascardovia_denticolens","Bacteria_Absconditabacteria_.SR1._Absconditabacteria_.SR1._.C.1._Absconditabacteria_.SR1._.O.1._Absconditabacteria_.SR1._.F.1._Absconditabacteria_.SR1._.G.1._bacterium_HMT_345","Bacteria_Bacteroidetes_Bacteroidia_Bacteroidales_Prevotellaceae_Prevotella_intermedia","Bacteria_Bacteroidetes_Bacteroidia_Bacteroidales_Bacteroidales_.F.2._Bacteroidales_.G.2._bacterium_HMT_274","Bacteria_Firmicutes_Negativicutes_Veillonellales_Veillonellaceae_Dialister_pneumosintes","Bacteria_Fusobacteria_Fusobacteriia_Fusobacteriales_Leptotrichiaceae_Leptotrichia_shahii","Bacteria_Firmicutes_Clostridia_Clostridiales_Peptostreptococcaceae_.XI._Mogibacterium_timidum","Bacteria_Actinobacteria_Actinobacteria_Corynebacteriales_Corynebacteriaceae_Corynebacterium_matruchotii","Bacteria_Proteobacteria_Gammaproteobacteria_Cardiobacteriales_Cardiobacteriaceae_Cardiobacterium_hominis","Bacteria_Actinobacteria_Coriobacteriia_Coriobacteriales_Coriobacteriaceae_Atopobium_rimae","Bacteria_Bacteroidetes_Bacteroidia_Bacteroidales_Prevotellaceae_Prevotella_aurantiaca","Bacteria_Proteobacteria_Betaproteobacteria_Neisseriales_Neisseriaceae_Kingella_sp._HMT_012","Bacteria_Saccharibacteria_.TM7._Saccharibacteria_.TM7._.C.1._Saccharibacteria_.TM7._.O.1._Saccharibacteria_.TM7._.F.1._Saccharibacteria_.TM7._.G.1._bacterium_HMT_346","Bacteria_Firmicutes_Negativicutes_Selenomonadales_Selenomonadaceae_Selenomonas_sputigena","Bacteria_Firmicutes_Bacilli_Lactobacillales_Streptococcaceae_Streptococcus_downei","Bacteria_Bacteroidetes_Bacteroidia_Bacteroidales_Prevotellaceae_Alloprevotella_tannerae","Bacteria_Bacteroidetes_Bacteroidia_Bacteroidales_Prevotellaceae_Alloprevotella_rava","Bacteria_Bacteroidetes_Bacteroidia_Bacteroidales_Prevotellaceae_Prevotella_pleuritidis","Bacteria_Bacteroidetes_Bacteroidia_Bacteroidales_Porphyromonadaceae_Porphyromonas_sp._HMT_930","Bacteria_Bacteroidetes_Bacteroidia_Bacteroidales_Prevotellaceae_Prevotella_sp._HMT_317","Bacteria_Saccharibacteria_.TM7._Saccharibacteria_.TM7._.C.1._Saccharibacteria_.TM7._.O.1._Saccharibacteria_.TM7._.F.1._Saccharibacteria_.TM7._.G.6._bacterium_HMT_870","Bacteria_Actinobacteria_Coriobacteriia_Coriobacteriales_Coriobacteriaceae_Atopobium_NA","Bacteria_Bacteroidetes_Bacteroidia_Bacteroidales_Prevotellaceae_Prevotella_oulorum","Bacteria_Bacteroidetes_Bacteroidia_Bacteroidales_Prevotellaceae_Prevotella_sp._HMT_305","Bacteria_Bacteroidetes_Bacteroidia_Bacteroidales_Prevotellaceae_Prevotella_sp._HMT_396"
"SRR7691487",458,163,298,194,130,56,107,140,24,0,58,66,31,0,0,13,0,5,0,0,21,49,0,20,0,11,143,0,0,14,61,23,0,8,0,26,0,0,9,0,27,9,0,35,0,0,0,9,0,0,0,0,0,0,18,0,0,0,0,39,0,0,8,0,42,0,0,0,0,0,0,0,0,0,0,0,16,0,0,0,11,5,0,0,24,105,0,11,0,0,0,0,14,0,15,0,0,39,0,0,0,0,0,0,0,0,0,5,0,0,19,0,0,0,15,6,0,7,0,0,0,0,0,13
"SRR7691374",583,39,270,150,104,29,96,78,0,0,231,29,29,0,80,38,20,36,0,0,10,29,0,0,0,7,134,25,0,7,55,0,7,0,0,31,0,0,16,0,0,0,0,18,0,0,6,9,0,21,0,0,15,0,31,0,0,0,0,42,0,0,0,0,10,0,0,0,0,17,0,0,0,0,0,0,25,0,18,0,0,0,0,0,10,0,0,4,0,0,0,0,16,0,0,0,0,54,0,0,5,16,0,0,0,0,6,0,0,0,0,0,0,0,0,0,0,0,0,0,0,0,0,0
"SRR7691453",731,38,69,51,108,47,24,64,0,0,25,32,15,0,0,8,18,3,0,0,0,27,0,20,0,0,111,28,0,0,0,7,0,0,0,20,54,0,0,0,0,0,0,13,0,0,9,0,0,0,3,0,6,0,7,0,0,0,0,13,0,0,0,0,4,0,0,0,0,26,0,0,0,0,0,0,0,0,0,0,0,0,0,0,33,104,0,0,0,0,0,0,24,0,0,0,0,46,0,0,0,21,0,0,0,6,0,0,0,0,0,0,0,0,15,0,4,0,6,2,0,0,0,0
"SRR7691527",708,373,75,349,136,193,185,341,0,0,260,22,25,0,0,28,0,14,0,0,16,15,0,0,0,0,226,0,0,0,0,0,0,0,14,0,51,8,22,0,0,0,0,5,0,0,0,10,0,15,0,0,0,12,0,0,0,0,0,0,0,0,0,0,7,0,0,0,0,17,0,0,0,0,0,0,13,0,0,0,12,9,0,0,0,23,0,0,0,0,0,0,30,8,0,13,0,0,0,0,0,0,0,0,0,0,0,0,0,0,0,0,0,0,4,0,0,0,0,0,0,0,7,0
"SRR7691401",197,190,148,270,23,72,174,123,0,0,171,12,46,0,0,49,22,17,0,5,59,3,0,8,0,0,57,0,0,10,0,3,0,0,0,0,46,36,22,0,16,10,0,0,0,0,0,11,0,0,0,0,0,0,0,9,0,0,0,0,0,0,0,0,12,0,0,0,0,0,0,0,0,0,0,0,34,10,0,0,0,4,0,0,16,24,0,8,0,0,0,0,7,0,0,0,0,0,5,0,0,0,0,0,0,0,0,0,0,0,0,0,0,0,11,0,5,0,0,0,0,0,0,0
"SRR7691368",1267,352,1588,309,764,62,44,104,0,0,0,270,82,0,0,27,0,0,0,0,3,302,0,0,0,0,327,0,101,0,0,0,0,0,0,103,0,13,8,0,23,4,0,15,0,0,3,0,0,0,0,0,4,0,0,0,0,0,0,0,0,0,0,0,0,0,0,0,0,0,0,0,0,0,0,0,0,0,0,0,0,0,0,0,0,951,0,0,0,31,0,0,0,7,0,0,49,0,0,0,0,0,0,0,0,0,0,0,0,20,0,0,0,0,0,0,0,0,0,0,0,0,0,0
"SRR7691305",949,277,311,201,288,108,207,85,37,0,421,0,0,39,50,46,0,43,0,0,23,5,0,20,0,3,190,0,0,0,30,0,0,0,0,63,0,8,5,0,22,0,0,5,0,0,0,0,0,0,0,0,0,0,0,4,0,0,0,0,0,0,0,0,0,0,0,0,0,0,0,0,0,13,0,0,28,0,0,0,0,0,0,0,11,0,0,0,17,16,0,0,0,0,0,0,0,0,0,0,0,0,0,0,0,0,0,0,0,0,0,0,0,0,0,0,0,0,0,0,0,0,12,0
"SRR7691357",1141,160,29,104,25,22,126,99,45,0,74,0,0,28,0,12,0,53,15,0,0,0,0,0,0,0,159,9,0,0,0,0,0,0,0,28,28,0,0,13,0,0,0,0,0,11,0,0,0,11,0,0,0,29,27,0,0,0,0,0,0,0,3,0,32,4,0,0,0,0,0,0,0,0,0,0,0,0,0,0,0,0,0,0,36,0,0,0,0,0,0,0,15,0,23,0,0,0,15,0,0,0,4,0,0,3,16,0,12,0,0,0,0,0,14,0,0,9,0,0,0,0,0,0
"SRR7691383",548,204,82,154,35,41,119,164,108,0,127,0,0,26,0,30,49,20,6,0,48,5,0,7,0,17,66,0,0,0,35,0,0,0,4,23,153,12,8,28,0,0,0,0,0,12,0,10,0,0,0,0,0,32,0,0,18,0,0,18,0,0,10,0,21,0,18,9,0,33,0,0,0,0,0,0,12,17,0,12,0,25,0,0,52,0,7,9,0,0,7,0,36,0,10,0,0,91,0,0,0,64,0,0,0,8,16,0,10,0,0,0,13,0,34,0,0,0,0,6,0,0,6,0
"SRR7691255",277,116,165,157,98,70,123,143,0,0,341,79,52,0,0,41,17,8,0,0,53,16,25,51,0,27,78,0,0,0,0,37,0,0,10,0,25,0,12,0,40,11,0,13,0,0,8,29,9,15,0,0,0,0,0,7,0,0,0,0,0,0,10,0,7,0,0,0,0,0,0,0,4,0,0,0,17,0,0,0,0,0,0,0,0,275,0,0,28,0,0,0,10,0,0,0,0,17,0,0,0,31,0,4,0,0,0,0,0,0,0,0,0,0,72,155,0,0,0,0,0,0,7,0
"SRR7691403",557,150,90,143,106,55,69,85,0,2,36,0,22,0,41,0,45,0,0,0,0,17,40,0,0,0,114,0,0,0,20,8,0,0,0,0,80,5,0,0,0,0,0,12,0,0,11,0,0,0,0,0,11,0,0,0,0,0,0,14,0,0,5,0,24,9,0,0,5,0,0,0,0,7,0,0,10,0,0,9,0,0,6,0,62,84,0,14,0,17,0,0,12,5,14,0,0,0,13,0,12,60,0,0,0,0,7,0,53,0,0,0,0,0,7,8,0,0,0,0,0,0,0,0
"SRR7691351",285,34,34,75,91,23,17,72,0,0,0,46,18,0,0,0,0,27,0,0,0,18,0,0,0,0,66,0,0,8,0,10,0,0,0,25,71,0,9,0,0,0,0,0,0,7,0,0,0,0,0,0,0,0,0,0,0,0,0,7,0,3,0,0,31,0,0,0,0,87,0,0,0,0,0,7,0,0,0,0,15,16,0,0,15,16,0,8,0,0,9,0,35,0,26,0,0,0,0,0,7,10,9,0,0,0,0,0,7,0,0,0,0,0,0,0,0,0,3,0,0,0,0,0
"SRR7691382",527,186,304,127,309,74,37,259,27,0,64,216,40,0,0,10,0,8,0,0,7,59,0,0,0,6,122,0,0,11,39,21,0,25,0,112,0,0,24,0,75,8,0,19,0,0,6,0,13,0,0,0,0,0,0,0,0,0,0,6,0,0,0,0,0,0,0,0,0,0,0,0,0,0,0,15,0,0,0,0,0,0,0,0,4,54,0,0,15,0,0,0,15,4,0,0,35,0,5,0,0,0,0,0,0,0,0,0,0,25,0,0,0,0,0,21,0,0,0,0,0,0,0,0
"SRR7691350",457,569,0,233,8,8,50,478,63,0,26,0,0,0,0,0,0,0,0,0,0,0,0,0,0,0,22,0,0,0,0,0,0,0,0,0,89,0,0,6,0,0,102,0,34,0,9,0,0,0,0,0,0,0,0,0,0,0,0,0,0,0,0,0,38,0,191,0,0,0,0,0,0,92,0,0,0,0,0,3,0,0,0,0,88,9,0,17,24,0,0,0,0,0,208,0,0,0,0,0,0,0,0,0,0,3,0,0,0,0,0,0,0,0,0,0,0,0,0,0,34,0,0,0
"SRR7691273",1207,279,133,139,142,42,191,0,41,1,58,20,94,72,40,22,59,24,0,11,18,43,0,13,0,8,229,16,0,0,0,0,63,0,0,26,107,26,30,0,0,8,11,0,0,14,7,17,0,25,0,0,184,0,0,0,0,13,26,0,0,8,4,0,56,0,8,0,0,0,0,0,0,14,0,0,8,0,0,17,0,0,0,0,105,42,0,0,17,0,0,0,19,0,43,0,0,35,65,0,0,0,0,0,19,0,20,5,21,0,14,20,0,0,10,7,0,0,18,0,0,0,0,0
"SRR7691499",3340,1200,64,471,42,60,102,459,282,0,133,0,0,26,0,9,0,6,15,0,23,12,0,0,0,0,434,42,0,0,55,42,0,0,0,0,235,13,9,38,0,0,0,0,0,0,88,0,0,0,0,0,0,0,13,11,0,0,0,17,0,0,44,0,17,0,0,15,0,36,52,0,0,10,0,0,15,0,0,0,20,59,0,0,48,0,0,0,0,0,22,0,168,0,29,127,0,41,11,0,0,329,12,11,0,0,0,0,0,0,0,0,0,0,7,7,29,0,4,0,0,0,0,0
"SRR7691372",1176,52,39,128,167,39,42,118,33,0,0,19,24,0,48,14,24,41,0,0,9,17,0,12,0,0,217,14,0,0,0,0,0,0,0,0,50,0,5,0,0,0,0,0,0,0,0,7,0,0,0,0,17,0,0,10,0,0,0,0,0,3,0,0,14,0,0,0,9,26,0,0,0,0,0,0,0,0,0,0,0,8,4,0,15,0,0,0,33,0,0,0,23,0,0,0,0,0,0,0,4,15,0,0,0,0,0,0,0,0,0,0,0,0,7,0,0,16,0,0,0,0,0,0
"SRR7691257",325,122,27,192,141,24,172,85,36,0,510,0,29,0,0,41,0,10,0,8,74,0,0,213,0,4,41,0,0,0,0,0,0,0,0,18,12,9,12,0,10,10,0,0,0,0,0,6,0,0,0,0,0,0,0,12,0,0,0,0,0,3,0,0,0,0,0,0,0,0,0,0,0,0,27,0,64,8,0,0,0,0,0,0,0,0,0,0,0,0,0,0,0,0,0,0,0,0,0,0,0,0,0,0,0,0,0,0,0,31,0,0,0,0,0,0,0,0,0,0,0,0,0,0
"SRR7691377",1293,42,307,111,266,76,64,96,0,0,0,78,0,15,0,14,0,0,0,0,20,217,25,0,0,9,246,69,0,0,49,14,8,9,0,79,17,0,0,0,62,0,0,147,0,0,17,14,0,0,26,0,0,0,20,0,28,0,9,72,96,0,0,0,7,0,0,0,8,0,0,0,0,0,0,10,8,0,0,0,0,0,0,0,9,381,0,0,0,0,0,0,0,0,11,0,63,0,0,0,0,0,0,0,0,0,0,0,0,0,0,0,0,0,0,0,0,9,0,0,0,0,0,0
"SRR7691260",1380,400,716,346,287,208,85,534,68,0,0,142,68,0,0,154,36,0,0,20,25,144,0,54,0,0,759,0,0,18,54,8,35,0,11,130,0,0,22,11,106,0,0,131,0,0,0,16,12,13,0,18,5,0,0,0,41,0,21,0,0,12,0,0,14,0,0,0,6,0,0,0,0,0,0,20,14,0,0,0,0,0,0,0,0,865,14,0,0,0,0,0,6,13,0,0,0,50,0,0,0,12,0,0,0,0,0,6,0,0,32,0,0,0,0,0,3,0,9,0,0,0,0,12
"SRR7691298",472,135,451,138,92,79,145,101,45,13,33,15,50,0,127,63,15,29,0,0,19,68,0,104,0,4,93,26,0,0,0,5,25,0,0,0,31,0,14,0,43,7,0,17,0,0,0,11,0,0,0,0,0,0,0,0,32,0,0,24,0,0,0,0,0,0,0,0,0,10,0,0,0,0,0,0,15,0,0,0,0,0,6,0,0,177,0,0,12,0,0,0,0,0,0,0,0,0,0,0,0,17,0,0,0,0,0,0,0,0,0,0,0,0,0,0,0,0,0,0,0,0,0,8
"SRR7691393",421,228,50,142,13,39,179,82,19,0,498,0,28,0,26,75,42,34,0,0,80,0,0,0,0,0,89,20,0,0,0,0,0,0,12,20,21,19,40,11,33,8,0,0,0,0,0,6,0,0,0,0,0,0,28,0,0,0,0,14,0,0,0,14,21,0,51,0,0,8,0,0,10,0,0,0,35,12,0,0,0,4,0,0,99,0,0,14,0,0,0,0,0,0,0,0,0,0,0,0,0,0,0,0,0,0,0,0,0,0,0,0,0,0,18,25,0,0,5,0,0,0,0,0
"SRR7691434",150,498,605,174,99,127,246,219,0,0,113,16,50,0,0,75,0,31,0,12,72,7,0,55,0,10,97,0,0,0,0,0,0,0,0,0,0,0,43,0,0,9,0,43,0,0,0,7,0,0,0,0,0,0,0,0,0,0,0,0,0,0,0,0,0,0,0,0,0,0,0,0,0,0,0,0,16,0,0,0,0,0,0,0,0,14,0,0,0,0,0,0,3,0,0,0,0,53,0,0,0,0,0,0,0,0,0,0,0,0,0,0,0,0,0,0,0,0,0,9,0,0,9,0
"SRR7691501",739,159,17,188,0,16,25,0,37,0,0,0,0,0,91,0,0,0,9,0,0,13,0,0,0,0,206,0,0,0,18,64,33,0,0,0,67,0,0,0,0,0,0,11,0,28,28,0,0,0,0,57,11,0,52,0,0,0,0,37,0,3,0,0,58,0,0,0,0,131,10,0,0,0,0,0,0,0,0,0,0,44,0,0,22,0,0,0,0,0,6,0,17,0,0,0,0,35,0,0,0,347,0,18,0,31,0,0,0,0,0,7,23,0,141,18,5,20,7,0,0,0,0,0
"SRR7691268",862,205,712,751,1280,109,241,428,51,0,174,256,104,0,0,79,23,2,0,14,22,5,0,62,0,24,227,0,48,52,36,0,0,0,0,144,56,0,51,0,47,20,0,0,0,0,0,0,0,0,0,0,0,0,0,0,0,0,0,0,0,0,0,0,9,0,0,0,0,16,0,0,0,0,0,0,21,0,0,0,0,0,9,0,15,45,0,0,0,0,0,0,7,5,33,0,0,17,0,0,0,0,0,0,0,0,0,0,0,0,11,0,0,0,27,0,0,0,0,0,0,16,0,0
"SRR7691381",659,107,87,92,33,45,82,123,34,0,52,0,25,0,0,22,53,15,41,0,0,37,0,0,0,5,126,52,0,0,59,0,0,0,0,70,0,5,6,5,0,0,0,0,0,23,3,0,0,7,0,0,0,0,23,0,0,0,0,22,0,0,0,0,0,0,0,0,0,0,0,0,0,0,0,0,0,0,0,0,0,0,0,0,0,27,0,0,20,0,0,0,9,0,0,0,0,44,29,0,0,19,0,0,10,0,17,0,0,0,0,0,0,27,7,0,0,18,0,0,0,0,0,0
"SRR7691327",1053,42,0,43,80,0,0,21,0,0,0,0,0,14,0,0,0,0,0,0,0,22,0,0,0,0,225,56,0,0,36,0,0,0,0,0,0,0,0,0,0,0,0,12,0,0,0,0,0,0,0,0,0,0,33,0,0,0,0,102,0,0,0,0,0,0,0,0,0,6,0,0,0,0,0,0,0,0,0,0,0,6,0,0,0,111,0,0,0,0,0,0,14,0,0,14,0,0,0,0,0,20,0,0,0,0,0,0,0,0,0,0,0,0,7,0,0,37,0,4,0,0,0,0
"SRR7691326",553,37,51,89,34,32,83,0,0,0,350,28,23,0,136,0,39,29,0,7,0,36,0,23,0,0,105,21,0,0,36,6,15,0,0,23,25,0,10,32,15,0,0,12,0,0,0,0,0,4,0,0,0,0,45,0,0,0,0,52,0,0,0,0,27,0,0,0,0,16,0,0,0,0,0,0,17,0,0,0,0,7,0,0,26,0,0,10,0,0,0,0,9,0,0,8,0,63,4,0,0,13,0,0,0,7,0,0,15,0,0,0,0,0,13,6,5,0,0,18,0,0,0,0
"SRR7691433",324,128,352,213,80,61,249,87,0,14,301,133,82,0,0,59,19,25,0,26,19,10,0,126,0,29,48,0,50,13,0,19,0,0,11,0,0,14,64,0,43,0,0,14,0,0,0,10,7,14,0,0,0,0,0,0,0,0,0,0,0,0,0,0,0,0,0,0,0,0,0,0,0,0,0,0,48,0,49,0,0,0,0,0,0,0,0,0,0,0,0,0,0,0,0,0,0,60,0,0,0,0,0,0,0,0,0,0,0,20,0,0,0,0,7,22,0,0,0,0,0,0,0,8
"SRR7691284",138,741,64,253,27,12,248,228,0,0,53,0,67,0,0,12,32,13,9,0,12,4,0,0,0,11,39,0,0,17,36,0,0,0,0,0,0,0,20,0,0,0,0,0,0,11,0,8,0,31,0,0,0,0,0,0,0,0,5,0,0,0,0,0,9,0,0,0,0,0,0,0,0,0,0,0,0,0,0,0,0,0,8,0,0,15,0,0,0,0,0,0,0,0,0,0,0,0,0,0,0,0,0,0,0,0,0,0,0,0,0,0,0,0,0,0,0,0,0,0,0,0,0,0
"SRR7691400",1187,66,94,50,74,28,0,34,0,0,0,45,20,0,0,0,0,0,0,0,0,59,0,0,0,0,246,108,23,0,0,0,13,0,0,0,0,0,6,0,12,0,0,28,0,0,0,0,0,0,0,0,0,0,63,0,0,0,0,272,40,0,0,0,15,0,0,0,0,0,0,0,0,0,0,0,0,0,0,0,7,0,0,18,9,142,0,0,0,0,0,0,4,0,0,0,0,19,0,0,0,0,0,0,12,0,0,7,0,0,0,0,0,0,10,0,0,13,0,0,0,0,0,0
"SRR7691309",859,106,18,41,94,56,54,54,0,0,0,26,13,0,0,0,14,0,0,0,0,36,0,0,0,0,138,0,0,0,0,0,0,0,0,0,0,0,11,0,0,0,0,6,0,0,0,0,0,0,0,0,0,0,0,0,0,0,0,0,0,0,0,0,0,0,0,0,0,0,0,0,0,0,0,0,13,0,0,8,0,0,0,0,0,14,0,0,0,0,0,0,0,3,0,0,0,0,0,0,0,0,0,0,0,0,0,0,0,0,0,0,0,0,0,0,0,0,0,0,0,0,0,0
"SRR7691423",1297,198,526,593,489,298,206,647,0,0,352,283,118,0,0,206,43,9,0,0,50,172,0,204,0,13,500,0,92,33,0,27,0,16,0,141,0,0,25,0,233,19,0,391,0,0,16,31,9,10,19,0,6,0,0,0,20,0,8,0,0,4,0,0,0,0,0,0,0,14,0,0,0,0,23,43,54,0,7,0,0,0,0,0,0,481,0,9,0,0,0,0,0,5,0,0,0,70,0,0,0,25,0,0,0,0,8,0,0,0,0,0,0,0,10,58,0,0,0,0,0,22,9,0
"SRR7691299",2164,109,435,587,431,334,207,1045,177,0,220,280,132,0,0,28,0,15,0,15,22,138,0,0,0,16,363,0,0,38,0,0,0,0,0,0,0,21,25,0,14,12,0,0,0,0,14,66,0,0,0,0,0,0,0,0,0,0,0,0,0,5,0,0,0,0,0,0,0,0,0,0,0,0,38,27,16,0,0,0,0,0,0,0,0,21,0,0,12,0,0,0,3,10,0,0,0,0,0,0,0,0,0,0,0,0,0,0,0,0,0,0,0,0,0,0,0,0,0,0,0,0,0,0
"SRR7691418",499,141,46,152,155,80,97,176,0,6,50,0,13,0,96,0,41,8,0,0,15,74,0,0,0,0,120,0,0,0,23,0,0,0,0,73,0,6,0,0,0,9,8,12,0,0,0,0,0,0,0,0,0,0,0,0,0,0,0,0,0,0,0,0,9,0,11,0,5,0,0,0,0,0,0,0,0,0,0,0,0,0,0,0,14,55,0,0,0,0,0,0,0,6,18,0,0,109,0,0,0,0,0,0,0,0,9,0,0,0,0,0,0,0,7,0,3,0,0,0,0,11,0,0
"SRR7691341",658,32,50,58,125,29,0,42,0,0,39,31,15,0,0,0,0,0,0,0,8,18,0,0,0,0,107,27,0,0,0,0,0,0,0,60,155,0,11,0,7,0,0,7,0,0,39,0,0,0,0,0,0,0,0,0,0,0,0,0,0,0,16,0,58,0,0,0,0,48,28,0,0,0,0,0,0,0,0,0,0,8,0,0,36,64,0,12,0,14,11,0,0,2,83,0,0,38,0,0,0,0,0,0,0,13,0,0,13,0,0,8,0,0,48,0,0,0,0,0,0,0,0,0
"SRR7691415",452,19,218,120,136,44,88,234,0,0,42,65,32,0,34,23,0,17,0,0,0,82,0,28,0,0,108,36,0,0,35,0,0,3,0,26,0,0,18,0,26,0,0,11,0,8,0,8,0,0,0,0,0,0,36,0,30,0,0,29,24,0,0,0,0,0,0,0,0,2,0,0,0,0,0,0,12,0,0,0,0,0,0,0,0,0,0,0,0,0,0,0,0,0,0,0,0,0,0,0,0,0,0,0,0,0,0,0,0,0,0,0,0,0,0,0,0,14,0,0,0,0,0,0
"SRR7691269",1168,156,158,199,94,104,280,234,0,0,120,14,22,0,6,21,0,70,0,0,28,6,0,54,0,10,66,0,0,0,42,7,0,0,0,33,0,0,47,0,6,5,0,0,0,0,0,7,0,0,0,0,0,0,14,0,0,0,0,16,0,0,4,0,30,0,0,0,0,21,0,0,0,0,25,0,21,0,0,0,0,5,0,0,0,0,0,0,13,0,0,0,14,8,0,0,0,0,0,0,5,28,0,11,0,0,0,0,0,0,0,0,0,0,12,8,0,0,0,0,0,0,0,0
"SRR7691301",1001,151,50,139,73,49,59,80,0,2,25,0,18,0,61,0,0,4,0,0,6,52,33,0,0,0,90,13,0,0,22,38,9,0,0,0,38,0,0,0,0,0,0,0,0,9,4,7,0,0,0,0,8,34,27,0,0,0,7,28,0,0,0,0,80,0,0,0,0,73,0,0,0,0,0,0,0,0,0,0,17,24,6,0,7,66,0,0,14,0,0,0,18,0,0,0,0,114,0,0,0,67,0,0,0,0,16,0,0,0,0,0,0,0,52,11,0,0,8,0,0,0,0,0
"SRR7691412",697,23,135,77,146,38,18,95,0,0,0,52,10,0,0,0,0,0,0,0,0,195,0,0,0,0,206,27,0,3,25,0,0,0,0,0,0,0,6,0,5,0,0,9,0,0,0,9,0,0,0,0,0,0,0,0,0,0,0,0,0,0,0,0,0,0,0,0,0,0,0,0,0,0,0,0,0,0,0,0,0,0,0,5,0,93,0,0,0,0,0,0,0,0,0,0,5,0,0,0,0,0,0,0,0,0,0,0,0,0,0,0,0,0,0,0,0,0,0,0,0,0,0,0
"SRR7691394",695,262,23,143,82,74,263,110,82,0,104,20,0,0,0,0,0,10,0,0,24,4,0,0,0,0,53,0,0,0,0,0,0,0,0,0,0,0,62,0,0,0,19,0,8,0,0,7,0,0,0,0,0,0,34,0,0,0,0,0,0,0,0,0,8,0,34,0,0,0,0,0,0,49,18,0,13,0,0,0,0,0,0,0,0,0,0,0,0,0,0,0,0,0,0,0,0,0,0,0,0,0,0,0,0,0,0,0,0,0,0,0,0,0,0,0,0,0,0,0,0,0,0,0
"SRR7691239",368,78,91,352,255,46,159,248,0,0,22,26,57,0,78,9,0,46,0,0,18,37,0,0,0,0,95,0,0,0,0,0,26,13,0,26,0,7,39,0,0,0,0,0,0,0,3,6,0,36,0,0,0,0,0,0,0,0,0,0,0,0,0,0,9,0,0,0,0,0,0,0,0,0,0,0,0,0,0,0,0,0,0,0,0,0,0,0,0,0,0,0,7,3,0,0,0,0,0,0,0,0,0,0,0,0,11,0,0,0,0,0,0,0,9,6,9,0,0,0,0,0,0,0
"SRR7691378",552,197,107,124,75,44,165,86,50,0,36,0,19,0,0,0,0,13,0,0,23,36,0,7,0,0,98,0,0,0,51,0,0,0,0,20,40,0,0,0,0,0,0,0,0,0,5,18,0,0,0,0,4,24,0,0,0,0,0,9,0,0,10,0,21,0,0,0,0,0,0,0,0,0,0,11,15,0,0,0,9,0,10,4,32,22,0,0,27,0,0,0,13,0,32,0,0,0,0,0,0,8,0,0,9,0,13,5,0,0,24,0,0,0,15,0,0,0,0,0,0,70,0,0
"SRR7691325",623,122,449,176,188,65,122,115,30,0,64,0,17,0,68,0,0,21,0,0,22,24,0,51,97,0,198,23,0,0,16,0,13,0,0,0,0,0,27,0,0,0,0,0,0,0,0,0,0,0,0,0,0,0,0,0,0,0,0,21,0,0,0,0,0,0,0,0,0,0,0,0,0,0,0,0,16,0,0,0,0,0,0,0,0,0,0,0,0,0,0,0,0,0,0,0,0,51,0,0,0,20,0,0,0,0,0,0,0,0,0,0,0,0,0,0,0,0,0,0,0,0,0,0
"SRR7691354",463,214,108,254,174,101,63,100,0,0,0,46,63,0,0,30,57,60,0,0,17,13,0,8,0,11,64,0,0,13,0,6,0,9,0,46,209,0,13,0,23,5,0,0,0,0,12,0,0,0,0,0,24,0,0,0,0,0,0,0,0,0,14,0,0,0,0,0,0,36,13,0,0,0,0,0,0,0,0,13,0,26,0,0,13,110,0,0,22,0,11,0,37,4,34,0,0,0,0,0,0,137,18,12,0,0,0,5,0,0,0,0,10,0,8,12,0,0,8,0,0,0,0,6
"SRR7691450",771,51,66,65,92,31,18,102,0,0,0,20,17,0,0,0,0,31,0,0,0,24,0,0,0,0,127,0,0,0,0,3,0,0,0,0,52,0,0,19,0,0,0,5,0,0,0,0,0,0,0,0,0,0,0,0,0,0,0,0,39,0,0,0,0,0,0,0,8,22,0,0,0,0,0,0,5,0,0,0,0,4,0,0,20,92,0,8,0,63,0,0,36,0,0,0,0,0,0,0,2,58,0,0,0,0,0,0,0,0,0,0,0,0,3,17,0,0,0,0,0,0,0,0
"SRR7691262",3206,86,1124,267,983,276,355,604,385,0,482,71,73,0,0,22,0,80,7,0,9,40,0,17,0,9,667,0,0,42,71,0,0,17,0,34,0,20,0,0,0,7,0,0,0,12,7,0,0,0,0,0,0,0,0,0,88,0,0,5,74,0,0,0,24,6,0,0,11,8,12,0,0,0,0,0,17,0,0,0,0,6,0,0,43,97,0,0,0,0,0,0,13,9,45,0,0,144,0,0,0,0,0,0,0,0,0,4,0,0,0,0,0,0,5,12,0,0,0,0,0,0,0,0
"SRR7691452",819,105,121,563,130,411,144,897,111,0,176,0,35,0,0,29,0,56,0,0,0,37,0,33,0,42,256,21,0,0,0,27,0,0,0,39,626,38,21,110,19,13,0,42,0,0,30,24,0,0,0,0,0,72,0,0,26,0,0,16,0,0,27,0,206,5,0,0,0,0,0,0,0,0,72,0,7,0,0,21,0,18,0,0,25,182,0,36,0,0,0,0,87,0,192,0,0,426,10,0,0,11,0,25,57,0,44,0,0,0,0,0,0,0,107,8,0,0,37,0,0,52,0,0
"SRR7691458",666,90,214,177,109,49,99,191,28,0,342,108,74,0,0,27,0,23,0,11,54,75,0,53,0,9,166,0,0,24,52,14,0,0,0,44,41,0,22,13,35,15,0,12,0,0,0,8,10,0,6,0,0,0,9,0,34,0,0,0,0,3,0,0,14,0,0,0,0,0,0,0,0,0,0,0,24,0,0,0,0,12,0,0,27,280,0,11,0,0,0,0,38,0,0,0,0,0,0,0,0,58,0,0,0,0,0,0,0,0,0,0,0,0,56,8,0,0,3,0,0,0,7,0
"SRR7691283",1649,95,1045,168,373,53,126,153,54,0,247,130,51,0,0,61,19,45,0,0,34,113,0,0,0,0,566,0,0,19,124,16,0,11,0,93,0,0,8,22,66,22,0,56,0,0,14,15,16,9,0,15,0,0,34,0,0,0,0,25,68,0,11,0,44,0,0,0,0,0,0,0,0,0,0,0,28,0,0,0,0,6,20,7,16,241,0,0,0,0,0,0,33,14,0,0,77,180,0,0,0,0,0,0,0,0,21,0,0,0,28,0,0,0,18,89,0,0,15,9,0,0,0,14
"SRR7691517",161,76,0,150,21,44,40,77,0,0,15,0,0,0,20,16,0,4,21,0,0,0,0,0,0,0,46,0,0,0,0,0,0,0,0,31,50,0,0,0,0,0,0,0,0,0,12,0,0,0,0,0,0,0,0,0,0,0,0,0,0,0,6,0,18,0,51,0,0,0,8,0,0,20,0,0,0,0,0,0,0,14,0,0,31,0,0,7,0,0,7,0,53,0,0,18,0,61,0,7,0,86,6,0,0,7,13,0,13,0,0,0,0,0,27,3,7,0,0,0,0,0,0,0
"SRR7691370",225,31,66,52,58,31,0,47,0,0,0,36,20,0,0,0,5,0,0,0,6,22,0,17,0,0,55,0,0,23,0,6,0,0,0,0,70,0,0,0,8,0,0,12,0,0,0,0,5,0,2,0,0,0,0,0,0,0,0,0,0,0,3,0,16,0,0,0,0,0,0,0,0,0,0,0,0,0,0,0,0,0,0,0,0,26,0,0,0,0,0,0,26,0,11,0,0,0,0,0,0,0,0,0,0,0,0,0,0,0,0,0,0,0,0,0,0,0,0,0,0,0,0,0
"SRR7691440",228,288,166,251,18,93,159,155,26,0,277,0,18,0,0,28,14,46,8,0,0,0,0,0,0,0,68,0,0,0,91,16,0,0,0,0,123,0,32,0,0,0,0,0,0,0,18,39,0,16,0,0,0,0,0,0,0,0,0,0,0,4,0,0,0,0,0,6,0,21,0,0,0,0,0,0,11,0,0,0,3,5,0,0,17,14,0,0,0,0,0,0,343,0,91,0,0,0,0,0,0,10,0,32,0,0,0,0,0,0,0,0,0,0,0,0,0,0,0,0,0,0,0,0
"SRR7691385",331,48,27,68,13,15,30,44,0,0,0,24,0,0,8,0,27,0,0,0,0,6,0,0,0,5,48,0,0,0,0,0,0,0,0,0,0,10,0,5,0,0,0,0,0,0,0,0,0,0,0,0,5,0,0,0,0,0,0,0,0,0,0,0,0,0,0,0,0,6,0,0,0,0,0,0,0,0,0,0,0,0,0,0,0,0,0,0,0,0,0,0,4,0,0,0,0,0,0,0,0,0,0,0,7,0,0,0,0,0,0,0,0,0,0,0,0,0,0,0,0,0,0,0
"SRR7691461",431,313,16,510,144,54,85,495,86,0,55,0,0,49,0,14,0,6,0,0,0,0,0,0,0,3,89,0,0,0,0,0,0,0,0,92,24,9,32,7,0,0,0,7,0,0,0,0,3,0,0,0,0,0,0,8,0,0,0,0,0,0,0,0,0,0,7,0,0,0,0,0,0,20,0,0,6,0,0,0,0,0,0,0,25,12,0,0,31,0,5,0,0,4,0,0,0,0,0,0,0,0,11,0,0,0,0,0,0,0,0,0,0,0,5,0,8,0,0,0,0,0,0,0
"SRR7691271",487,37,74,62,36,17,36,22,0,0,17,0,0,0,61,0,10,14,0,0,12,8,0,0,0,0,586,0,0,0,30,0,0,2,0,0,0,0,14,0,12,0,0,0,0,0,0,0,0,0,0,0,0,0,0,0,0,0,0,0,0,0,0,0,0,0,0,0,6,0,0,0,0,0,0,0,0,0,0,0,0,0,0,0,0,0,0,0,20,18,0,0,0,0,0,0,13,0,0,0,0,0,0,0,0,0,5,0,0,0,0,0,0,0,0,0,0,0,0,0,0,0,0,0
"SRR7691491",319,22,15,131,143,33,19,49,33,0,41,0,12,0,0,0,0,0,6,0,0,0,0,13,0,6,38,0,0,0,0,0,0,0,0,28,39,0,0,0,0,0,0,11,0,0,0,14,0,0,0,31,33,0,0,0,0,0,0,0,0,0,0,0,8,0,0,0,7,0,0,0,0,0,0,0,0,0,0,0,0,0,0,0,0,59,6,0,0,0,6,0,10,6,0,0,0,0,0,0,0,0,5,0,0,0,19,0,0,0,0,0,0,0,4,0,0,0,0,0,0,0,0,0
"SRR7691532",3702,336,82,327,31,60,92,265,0,0,0,0,0,22,0,0,0,28,51,0,13,0,0,0,0,0,331,21,0,0,373,0,0,0,0,0,0,5,12,0,0,0,0,3,0,0,4,0,0,0,0,0,0,0,0,0,0,39,0,0,0,0,0,0,8,0,0,0,0,0,0,0,0,0,0,0,7,0,0,23,0,0,0,0,348,92,0,0,0,0,0,0,0,7,49,0,0,0,0,0,0,0,0,0,0,0,0,0,0,0,0,0,0,0,0,0,0,0,32,0,0,0,0,0
"SRR7691249",348,343,89,156,83,75,64,221,0,0,172,0,21,0,0,35,0,26,0,0,22,11,33,7,0,19,180,0,0,0,0,0,0,0,12,30,30,0,19,0,27,0,0,0,0,0,0,8,0,0,0,34,8,11,0,0,0,0,0,0,0,0,2,0,8,0,0,0,0,0,0,0,0,0,0,0,16,0,0,0,0,0,0,0,20,127,0,0,0,0,0,0,0,0,0,0,0,0,7,0,0,18,0,0,0,0,0,0,0,0,0,0,0,0,0,0,0,0,0,0,0,0,0,0
"SRR7691462",347,1660,751,1484,363,123,458,401,211,0,159,0,65,92,0,19,70,0,0,32,18,34,0,32,0,72,341,0,32,0,135,6,0,0,0,42,333,82,0,300,27,0,0,0,0,0,125,0,0,0,0,0,117,123,0,0,0,187,0,0,0,0,22,0,214,0,0,0,0,2,0,0,0,0,0,28,0,0,0,53,0,0,48,0,498,15,0,33,0,0,0,4,12,19,133,0,0,54,0,0,0,0,38,0,0,14,56,23,0,0,0,39,26,0,0,8,0,0,16,0,0,26,0,6
"SRR7691302",833,182,120,55,122,21,44,98,54,0,0,0,0,0,38,0,0,0,0,0,0,30,0,4,0,0,134,0,0,0,0,0,0,0,0,0,41,0,0,0,0,0,0,0,0,0,0,0,0,0,0,0,0,0,0,0,0,0,0,0,43,0,0,0,25,0,0,0,0,8,0,0,0,0,0,0,0,0,0,0,4,0,0,0,8,0,0,0,0,42,0,0,2,0,19,0,0,0,0,0,0,0,0,0,7,0,0,0,7,0,0,0,0,0,14,0,0,0,0,0,0,0,0,0
"SRR7691315",585,44,111,96,88,28,50,37,0,0,32,53,0,0,0,34,76,21,0,20,7,36,35,25,0,9,149,0,19,0,65,0,0,0,0,0,0,6,55,0,22,0,0,0,0,0,0,0,0,0,0,72,24,0,0,0,0,0,0,0,0,8,0,0,0,0,0,0,0,0,0,0,0,0,0,0,0,0,0,0,0,0,11,0,0,72,0,0,0,0,0,0,0,2,0,0,0,0,0,0,0,0,0,0,0,0,0,0,0,0,22,0,0,0,0,0,0,0,13,0,0,0,0,0
"SRR7691287",701,101,214,193,79,63,38,105,0,0,96,29,33,0,0,37,0,17,0,0,8,11,0,16,0,0,135,0,0,0,0,6,0,0,0,31,29,0,0,54,15,0,0,28,0,0,0,0,0,0,0,0,0,0,0,0,54,0,0,0,0,0,0,0,0,0,0,0,0,32,0,0,0,0,0,0,22,0,0,0,0,0,0,0,19,86,0,0,0,0,0,0,0,0,0,0,0,91,0,0,0,19,0,0,0,0,0,0,0,0,0,0,0,0,6,0,0,0,9,0,0,0,0,0
"SRR7691332",654,50,36,62,43,29,19,39,0,0,0,0,12,0,0,0,0,0,0,0,7,0,0,6,0,0,32,0,0,0,11,0,0,0,0,0,0,0,0,0,0,0,0,0,0,2,0,3,0,0,0,0,0,0,0,0,0,0,0,0,0,0,0,0,6,0,0,0,0,0,0,0,0,0,0,0,0,0,0,0,0,0,0,0,7,44,0,0,11,0,0,0,0,0,0,0,0,0,0,0,0,0,0,0,0,0,0,0,0,0,0,0,0,0,3,0,0,0,0,0,0,0,0,0
"SRR7691530",310,35,19,58,30,15,37,43,17,0,0,0,21,0,0,0,0,0,0,0,0,0,0,0,0,0,94,0,0,0,0,88,0,0,0,0,122,5,0,89,0,12,0,0,0,20,0,0,0,0,0,0,0,0,7,0,0,13,0,0,0,0,16,0,86,0,0,0,0,33,0,0,0,0,0,0,0,0,0,0,27,60,0,0,39,0,0,0,0,0,12,0,39,0,51,0,0,41,14,0,0,196,2,19,0,0,8,0,0,0,0,0,5,0,78,0,0,0,0,0,0,0,0,0
"SRR7691329",159,196,385,257,62,47,340,20,0,0,0,29,81,0,0,135,0,37,0,0,116,0,0,0,0,9,21,0,0,0,0,0,0,0,0,0,0,16,46,0,30,26,0,0,0,0,12,44,8,0,0,0,0,10,0,12,0,0,0,0,0,0,0,0,0,0,0,0,0,18,0,0,13,0,0,0,74,0,0,0,0,0,0,0,11,7,0,0,0,0,0,0,0,0,0,0,0,0,0,0,0,0,0,0,0,0,0,0,0,0,0,0,0,0,12,9,3,0,0,15,0,0,14,0
"SRR7691402",342,29,148,70,85,42,26,44,0,0,28,77,36,0,0,17,0,0,0,0,12,87,0,0,0,6,105,0,0,0,0,29,0,0,0,113,0,0,10,0,0,0,0,28,0,0,15,4,11,0,23,0,3,0,0,0,0,0,0,34,0,3,0,0,9,0,0,0,0,2,0,0,0,0,0,6,0,0,0,0,0,0,0,0,0,67,0,0,0,0,0,0,7,0,0,0,86,0,0,0,14,0,0,0,0,0,0,0,0,63,0,0,0,0,27,9,0,0,0,0,0,0,0,7
"SRR7691277",115,353,0,176,60,30,67,211,25,0,48,0,8,0,8,17,19,46,0,0,12,0,0,0,0,0,52,0,0,0,0,0,0,0,8,0,97,0,11,0,0,4,0,4,0,0,0,0,0,4,0,0,6,0,0,0,0,0,0,0,0,0,0,0,19,0,0,0,0,10,0,0,0,0,0,0,0,0,0,5,0,0,0,0,0,0,0,8,0,0,0,0,0,0,30,0,0,0,0,0,0,0,0,0,0,0,10,0,0,0,0,0,0,0,19,0,0,0,0,0,0,0,0,0
"SRR7691427",210,185,29,247,271,8,145,140,28,0,29,14,14,0,0,0,10,18,0,0,0,0,0,6,0,0,9,0,0,5,0,0,0,9,0,24,81,0,0,0,0,0,0,0,0,0,4,0,0,0,0,0,0,0,0,0,0,0,0,0,0,0,0,0,17,9,0,0,0,0,0,0,0,0,0,0,10,0,0,0,0,0,0,0,15,0,3,0,0,0,6,0,0,0,14,0,0,22,0,0,0,18,0,0,0,7,0,0,13,0,0,0,0,0,12,0,0,0,0,0,0,0,0,0
"SRR7691304",260,43,153,87,189,16,58,126,0,0,55,97,31,0,0,25,0,0,0,0,16,27,0,57,0,0,57,0,0,11,0,0,0,0,0,17,0,0,9,0,20,13,0,0,0,0,0,3,5,0,0,0,0,0,0,0,0,0,0,0,0,0,0,0,4,0,0,0,0,0,0,0,0,0,0,5,9,0,0,0,0,0,0,0,10,21,0,0,0,0,0,0,0,0,0,0,0,0,0,0,0,0,0,0,0,0,0,0,0,0,0,0,0,0,0,22,0,0,0,0,0,0,0,0
"SRR7691259",487,163,206,247,69,64,188,99,33,0,85,0,51,0,84,29,0,19,14,6,7,18,0,9,0,0,53,0,0,0,0,0,0,0,0,28,32,0,58,0,13,0,0,3,0,0,0,0,0,3,0,0,0,15,0,0,33,0,0,0,0,0,0,0,0,0,0,0,0,8,0,0,0,0,0,0,10,0,0,0,0,0,4,0,0,0,0,6,7,0,0,0,0,0,0,0,0,0,0,0,0,0,0,0,0,0,13,0,0,0,0,0,0,0,4,0,0,0,0,0,0,0,0,0
"SRR7691280",576,27,152,106,341,53,46,151,0,0,0,51,22,0,0,0,11,0,0,0,0,27,0,0,0,0,143,0,0,6,0,3,0,0,0,61,0,0,0,0,8,7,0,14,0,0,6,0,0,0,5,0,21,0,24,0,0,0,0,42,44,0,0,0,0,0,0,0,0,0,0,0,0,0,0,0,0,0,0,0,0,0,0,0,0,121,0,0,21,0,0,0,0,0,7,0,0,0,0,0,0,0,0,0,0,0,7,0,0,0,0,0,0,0,4,0,0,14,0,0,0,0,0,0
"SRR7691479",345,535,92,252,37,91,240,94,0,0,275,0,90,0,83,26,12,20,0,0,33,0,20,14,0,10,101,0,0,0,0,0,0,0,0,0,90,13,14,41,0,0,0,6,0,0,4,0,0,0,0,0,0,0,0,0,0,0,0,0,0,0,0,0,27,0,0,0,0,8,0,0,0,0,0,0,27,0,0,0,0,17,0,0,78,0,0,0,0,0,0,0,15,0,29,0,0,0,0,0,0,41,0,4,0,0,0,0,0,0,0,0,0,0,39,12,0,0,0,0,0,0,0,0
"SRR7691288",287,32,23,85,128,43,53,34,32,2,28,12,0,43,86,18,34,3,23,0,13,28,0,0,0,5,74,0,0,0,15,0,0,0,0,67,0,0,0,0,0,6,0,0,0,15,0,0,0,0,0,0,0,0,11,0,0,11,0,7,0,0,0,0,13,0,0,0,10,0,0,0,0,19,0,0,0,0,0,0,0,0,0,0,72,43,0,0,0,0,0,0,7,0,25,0,0,0,0,0,2,0,0,0,0,0,13,0,0,0,0,5,0,0,10,0,4,0,4,0,0,0,0,0
"SRR7691473",871,59,104,164,203,52,24,91,47,0,17,26,0,0,145,0,0,0,0,0,0,38,0,0,0,0,264,0,0,0,0,0,0,0,0,18,23,0,0,0,0,0,0,0,0,0,4,2,0,0,0,0,0,23,0,0,0,0,0,11,21,0,0,0,14,0,0,0,0,13,0,0,0,0,0,0,0,0,0,0,0,0,0,0,0,0,0,0,0,0,0,0,14,0,10,0,0,0,0,0,0,0,0,0,0,0,0,0,0,0,0,0,0,0,0,0,2,0,0,0,0,0,0,0
"SRR7691373",175,212,457,194,75,45,149,171,0,0,177,33,38,0,0,50,0,17,0,5,19,0,0,17,0,11,58,0,0,0,0,0,0,0,0,52,0,0,31,0,28,7,0,0,0,0,0,12,0,0,0,0,0,0,0,0,0,0,0,0,0,0,0,0,7,0,0,0,0,0,0,0,0,0,0,0,12,0,0,0,0,0,0,13,8,0,0,0,0,0,0,0,6,0,0,0,0,35,0,0,0,5,0,0,0,0,0,0,0,0,0,0,0,0,0,0,0,0,0,0,0,0,0,0
"SRR7691392",634,367,307,305,137,86,173,147,37,0,75,47,25,61,0,33,0,1,12,0,30,50,0,26,0,11,110,0,30,0,0,18,0,10,0,38,57,0,8,0,51,7,0,13,0,17,27,0,10,38,0,0,22,0,0,0,0,11,0,12,75,0,0,0,0,0,0,0,0,0,0,0,0,0,0,0,0,0,0,0,0,3,0,0,0,71,0,0,0,0,0,0,0,3,0,0,0,17,0,0,0,0,0,0,0,0,9,2,0,0,0,0,0,0,4,14,0,0,0,0,0,0,0,9
"SRR7691290",158,362,102,48,52,23,167,77,0,0,307,0,24,0,0,34,41,16,7,10,0,0,0,21,0,5,29,0,0,0,0,0,0,0,0,28,30,0,51,0,19,14,0,0,0,0,4,0,0,8,0,0,0,0,0,0,0,0,0,0,0,0,0,0,22,0,0,0,0,0,0,0,0,0,0,0,22,13,0,0,0,0,0,0,14,0,0,0,0,0,0,0,21,2,31,0,0,25,4,0,0,0,0,0,0,0,0,0,0,0,0,0,0,0,0,0,0,0,0,0,17,0,0,0
"SRR7691483",1026,71,86,96,80,29,68,83,0,0,90,42,0,0,0,43,16,3,0,0,6,30,0,25,0,6,302,0,0,5,0,0,0,0,0,0,0,0,0,0,0,10,0,27,0,0,0,11,0,4,0,0,0,0,0,0,0,0,0,0,0,7,0,0,7,0,0,0,0,0,0,0,0,0,0,0,0,0,0,0,0,0,4,0,0,103,3,0,17,26,0,0,0,2,0,0,0,0,0,0,0,7,0,0,0,0,0,0,0,0,0,0,0,0,40,0,0,0,0,10,0,0,0,0
"SRR7691524",371,112,71,249,115,105,76,389,48,0,0,26,28,0,15,8,0,0,0,0,0,46,0,0,55,0,143,0,0,0,0,0,0,0,0,22,0,0,15,0,0,0,0,0,0,10,0,0,0,9,0,0,0,13,0,0,0,0,0,0,0,0,0,0,0,0,0,0,0,0,0,0,0,0,0,6,0,0,0,0,0,0,0,0,0,0,0,0,0,0,0,0,0,0,0,0,0,73,0,0,0,0,0,0,0,0,0,0,0,0,0,0,0,0,0,0,0,0,0,0,0,0,0,0
"SRR7691442",1085,437,45,158,66,20,138,214,82,0,55,0,32,0,0,22,0,41,0,0,8,0,0,0,0,10,156,29,0,0,13,3,0,0,0,0,0,0,56,0,0,0,0,18,0,0,0,9,0,0,0,15,6,0,173,0,0,0,0,195,0,0,0,9,10,0,0,0,0,0,0,0,0,0,0,0,0,0,0,0,0,0,0,0,0,0,0,0,0,0,0,0,0,0,0,0,0,0,0,0,0,0,0,0,0,0,0,0,0,0,0,0,0,56,0,0,0,0,0,0,0,0,0,0
"SRR7691396",403,96,291,266,102,62,163,110,62,0,73,0,34,28,0,41,10,24,7,7,26,39,0,13,0,5,91,0,0,0,0,0,0,0,0,61,38,7,19,20,0,6,0,0,0,0,0,0,0,0,0,0,7,0,0,0,0,0,0,0,0,0,0,0,37,0,12,0,13,0,0,0,0,15,0,9,0,0,0,0,0,0,0,0,8,28,0,0,0,0,0,0,0,0,34,0,0,194,0,0,0,0,0,0,8,0,11,0,0,0,0,0,0,0,8,0,0,0,0,0,0,0,0,0
"SRR7691352",901,161,45,73,75,24,64,118,68,0,117,0,0,0,0,0,14,4,0,0,0,15,0,0,0,0,126,17,0,0,0,0,0,0,0,0,44,9,0,41,19,9,0,0,0,0,0,0,0,0,0,0,0,0,112,0,0,0,0,0,0,0,0,0,18,0,0,0,0,39,0,0,0,0,0,0,0,0,0,0,0,14,0,0,263,0,0,14,0,0,0,0,7,0,0,29,0,55,19,0,0,59,0,0,0,0,0,0,10,0,0,21,7,0,8,7,0,0,0,0,0,0,0,0
"SRR7691514",342,97,441,207,180,28,175,183,39,0,121,0,23,0,0,45,0,22,0,0,15,0,0,26,0,0,93,0,0,8,0,0,0,0,0,21,26,0,0,0,23,0,0,0,0,0,0,2,8,0,0,0,0,0,0,0,0,0,0,0,0,0,0,0,0,0,0,0,0,0,0,0,0,0,0,0,10,0,0,0,0,0,0,0,8,47,0,0,0,0,0,0,0,0,0,0,0,0,0,0,0,0,0,0,0,0,0,0,0,0,0,0,0,0,0,0,0,0,0,0,0,0,0,0
"SRR7691334",4770,92,35,361,0,275,114,1394,0,0,0,0,0,0,0,0,0,0,0,0,19,0,0,0,0,0,720,0,0,0,0,0,0,0,0,0,0,0,0,0,0,0,0,0,0,0,0,0,0,0,0,0,0,0,0,0,0,0,0,0,0,0,0,0,0,0,0,0,0,4,0,0,0,0,35,0,0,0,0,0,0,0,0,0,0,5,0,0,0,139,0,0,0,0,0,0,0,0,0,0,0,0,0,0,0,0,0,0,0,0,0,0,0,0,0,0,0,0,0,0,0,0,0,0
"SRR7691430",720,727,0,1068,43,51,782,439,146,0,1503,0,65,0,0,126,0,24,0,0,47,0,0,0,0,0,32,0,27,0,344,0,0,0,0,0,152,17,385,0,0,0,0,0,26,16,12,53,0,8,0,0,0,0,0,6,0,0,0,0,0,0,25,93,112,0,0,7,0,0,16,0,10,14,48,0,114,87,0,29,0,27,0,0,58,13,0,23,23,0,15,0,160,0,58,0,0,0,29,0,0,0,62,0,0,15,0,0,0,0,0,0,0,35,0,7,0,0,0,0,26,0,11,0
"SRR7691528",420,36,16,104,86,50,57,44,10,2,40,0,18,0,252,12,44,0,0,0,0,13,0,0,0,0,61,0,0,0,0,0,55,0,0,0,49,0,0,0,0,0,0,0,0,0,0,0,0,0,0,35,7,0,17,0,0,0,0,48,0,3,0,0,8,0,0,0,0,10,0,0,0,0,0,0,0,0,0,4,0,0,15,18,0,43,0,0,0,0,0,0,0,0,0,0,0,0,0,0,0,5,0,0,0,0,0,0,0,0,0,0,0,0,0,6,0,0,0,0,0,0,0,0
"SRR7691484",571,50,185,61,192,58,28,75,0,0,0,174,13,0,0,6,0,0,0,0,4,79,0,0,0,0,163,57,0,4,57,8,16,10,0,45,0,0,0,0,0,0,0,36,0,0,0,0,6,0,18,0,4,0,13,0,0,0,0,168,0,0,0,0,5,0,0,0,0,0,0,0,0,0,0,0,0,0,0,0,0,0,0,0,0,150,0,0,10,0,0,0,0,11,0,0,36,0,0,0,11,0,0,0,0,0,0,0,0,21,0,0,0,0,11,15,0,36,0,9,0,0,0,5
"SRR7691463",1013,34,340,111,176,42,55,157,31,0,27,43,27,35,0,16,19,0,0,0,7,122,0,16,0,0,264,21,0,0,21,0,0,0,0,0,0,0,0,0,0,0,0,22,0,14,0,0,0,0,0,0,0,0,0,0,0,0,0,0,0,0,0,0,15,0,0,0,0,0,0,0,0,18,0,0,0,0,0,0,0,0,0,0,0,60,0,0,0,0,0,0,0,0,0,0,0,42,0,0,0,0,0,0,0,0,0,0,0,0,0,0,0,0,0,0,0,0,0,0,0,0,0,0
"SRR7691504",327,118,46,153,71,48,37,117,0,0,26,0,0,0,15,6,0,26,48,8,0,17,0,6,0,0,79,0,0,0,0,0,0,0,0,16,144,25,0,6,0,5,0,0,0,0,0,0,0,0,0,0,0,32,0,0,0,0,0,0,0,0,0,0,34,0,0,0,0,0,0,0,0,0,0,0,0,0,0,15,0,3,0,0,40,0,0,0,0,0,0,0,5,0,0,0,0,0,0,0,0,0,0,0,0,0,10,0,19,0,0,14,15,0,20,0,4,0,65,0,0,0,0,0
"SRR7691366",673,226,97,439,42,21,194,222,0,37,219,0,28,0,0,29,0,37,0,0,28,0,0,0,0,0,163,0,0,0,0,0,0,0,0,0,122,0,26,13,0,0,0,0,0,0,12,0,0,0,0,0,0,0,0,0,0,0,0,11,0,0,0,0,8,0,0,0,0,122,0,20,0,0,0,0,21,9,0,0,33,30,0,0,0,0,0,18,17,0,9,0,13,0,0,20,0,40,0,0,8,51,5,0,0,12,10,0,0,0,0,0,0,0,31,0,0,0,0,0,0,0,0,0
"SRR7691388",621,106,438,174,30,65,126,55,21,0,232,18,0,0,0,70,0,51,0,13,67,19,0,120,0,19,135,0,0,0,68,5,0,0,0,42,0,11,7,0,72,18,0,61,0,0,7,29,0,0,0,0,0,0,0,22,0,0,0,0,0,0,0,0,0,0,0,0,0,6,0,0,0,0,0,0,38,0,0,0,0,0,46,0,0,28,0,0,0,0,0,0,11,6,0,0,0,116,0,0,0,0,0,9,0,0,0,0,0,0,0,0,0,0,5,0,0,0,0,6,0,0,0,0
"SRR7691323",528,221,149,69,0,0,100,33,0,0,95,0,18,0,0,0,37,10,10,5,20,17,0,0,0,2,101,15,0,0,0,5,7,0,0,0,72,8,0,43,20,7,13,7,9,23,0,2,0,10,0,70,0,0,21,0,0,0,0,30,0,0,0,0,10,0,0,0,0,106,0,0,0,0,0,0,11,0,0,0,0,10,0,0,21,0,0,0,0,0,10,0,0,3,27,0,0,48,0,0,0,0,0,0,0,0,0,0,0,0,0,0,0,0,28,14,0,0,0,0,0,0,0,0
"SRR7691510",546,159,105,128,69,32,146,72,0,0,142,15,0,11,84,48,44,14,0,0,0,50,24,4,0,0,124,0,0,0,64,0,0,0,0,37,0,16,0,14,8,0,0,0,0,0,0,0,0,7,0,0,10,26,0,0,47,0,7,0,0,6,0,0,16,8,0,18,0,41,0,0,0,0,0,8,15,0,0,0,13,0,8,0,22,0,12,0,15,0,0,0,13,0,0,0,0,29,0,11,0,0,0,0,0,0,0,3,11,0,0,0,0,0,8,0,0,0,8,0,0,31,0,0
"SRR7691447",1317,172,28,218,71,61,163,292,121,0,252,13,0,0,22,42,48,34,14,0,9,5,0,6,0,9,144,19,0,0,0,0,0,0,0,47,0,0,0,0,0,0,0,0,0,18,0,12,0,14,0,0,0,60,0,0,0,0,0,0,0,0,0,0,0,0,0,0,0,23,0,0,0,0,0,0,14,0,0,0,0,0,0,0,16,0,6,0,0,0,0,0,29,5,0,0,0,0,0,0,0,9,6,0,0,0,0,0,0,0,0,0,0,0,6,0,6,0,0,0,0,0,0,0
"SRR7691312",996,220,360,170,208,97,197,207,0,9,233,0,0,25,76,19,0,31,0,8,22,45,30,25,32,0,214,36,0,0,0,0,0,0,0,47,40,0,16,0,15,8,0,48,0,0,0,8,0,0,0,0,9,0,62,0,0,0,0,89,0,0,0,0,17,5,20,0,7,5,0,0,0,15,0,0,25,0,0,0,0,0,0,0,21,134,0,6,0,0,0,0,5,0,31,0,0,93,9,0,0,0,0,0,15,0,0,0,0,0,0,0,0,0,0,0,0,0,0,0,0,0,0,0
"SRR7691531",617,120,92,142,144,38,48,54,0,3,141,33,28,0,46,18,0,5,0,8,0,14,25,0,0,0,101,0,0,0,0,10,0,0,0,39,49,7,21,14,17,0,0,0,0,0,0,4,0,0,0,0,0,0,10,0,0,0,0,40,0,0,0,0,36,0,0,0,0,21,0,0,0,0,0,0,0,0,0,0,0,8,0,0,11,85,0,0,14,0,0,0,26,0,17,13,15,0,0,0,0,22,0,8,0,0,0,0,0,0,0,0,0,0,81,48,0,0,0,0,0,0,0,0
"SRR7691498",798,156,71,194,61,118,129,186,0,0,150,25,30,0,0,39,29,23,0,12,54,29,0,18,0,0,90,0,0,0,43,7,25,0,0,69,0,0,33,26,16,0,0,23,0,0,0,0,0,0,0,0,0,0,11,0,0,0,0,52,0,0,0,0,18,0,0,0,5,10,0,0,0,0,22,0,17,0,0,0,18,13,3,0,28,60,0,9,0,0,0,0,12,3,12,0,0,52,0,0,0,29,0,0,13,0,14,0,0,0,0,0,15,0,24,8,0,5,0,0,0,0,0,0
"SRR7691240",1939,32,589,550,696,139,72,265,22,0,143,419,147,0,0,0,17,50,0,0,18,272,0,0,0,0,814,0,64,30,137,11,0,0,0,114,56,0,80,10,25,0,0,70,0,0,14,47,0,0,33,0,13,0,0,0,71,0,7,66,42,9,0,0,0,0,0,0,0,290,0,0,0,0,0,19,27,0,0,0,39,44,41,0,0,396,10,8,0,0,21,0,100,11,0,43,26,83,0,0,68,154,6,0,0,13,40,4,0,59,39,0,0,0,53,29,34,0,0,21,0,9,0,24
"SRR7691310",276,450,57,267,48,78,238,135,19,0,352,0,33,0,0,30,14,16,18,7,35,6,0,0,0,0,30,0,34,0,0,0,0,0,0,0,20,0,96,0,0,0,0,0,0,0,0,0,0,0,0,0,0,0,0,0,0,0,0,0,0,0,0,0,17,0,0,0,0,5,0,0,0,14,27,0,25,34,0,0,0,8,0,0,0,18,0,0,0,0,0,0,0,0,0,0,0,10,0,0,0,13,0,0,0,0,0,0,0,0,0,0,0,0,8,0,0,0,0,0,0,0,0,0
"SRR7691391",427,229,209,164,88,32,201,86,0,53,445,0,15,0,0,17,0,8,0,0,48,12,0,47,0,0,84,0,0,0,0,0,10,0,0,0,58,0,12,0,34,0,0,5,0,0,0,0,0,0,0,0,0,0,0,0,0,0,0,0,0,0,0,9,8,0,0,0,7,0,0,0,0,0,0,0,19,28,0,0,0,0,0,0,0,0,0,0,0,16,0,0,0,0,0,0,0,6,0,0,0,0,0,0,0,0,0,0,0,0,0,0,0,0,0,0,0,0,0,0,0,0,0,0
"SRR7691349",606,279,61,138,55,49,169,42,26,0,392,0,26,0,0,15,34,26,17,0,48,9,0,0,0,7,62,0,0,0,0,0,0,0,0,45,31,0,23,17,0,0,0,9,0,0,0,4,0,0,0,0,0,0,33,0,0,0,0,9,0,0,0,0,15,0,0,0,0,12,0,0,0,0,0,0,14,45,0,0,0,0,0,0,0,18,0,0,29,0,0,0,0,0,0,0,0,30,0,0,0,0,0,0,0,0,0,0,0,0,0,0,0,0,0,0,0,0,0,0,0,0,0,0
"SRR7691267",1155,183,82,65,73,17,55,64,0,0,15,0,0,0,0,6,9,0,0,0,11,17,0,0,0,0,145,35,0,0,0,0,0,0,0,20,40,0,9,1,0,0,0,8,0,0,0,0,0,0,0,15,0,0,0,0,0,0,0,0,0,0,0,0,12,0,0,0,0,44,0,0,0,0,0,0,0,0,0,0,5,10,0,40,0,0,0,0,0,0,0,0,4,0,18,0,0,0,0,0,0,19,0,0,0,0,0,0,0,0,0,0,0,0,9,0,0,0,3,3,0,0,0,0
"SRR7691493",854,83,269,122,166,66,116,241,41,0,83,45,0,0,0,17,0,9,0,0,0,13,0,0,0,0,142,0,0,0,0,0,0,0,0,0,0,0,14,0,0,0,0,0,0,0,0,3,0,0,0,0,0,0,0,0,0,0,0,2,0,0,0,0,0,0,0,0,0,0,0,0,0,0,0,0,6,0,0,0,0,0,0,0,0,15,0,0,0,0,0,0,0,0,0,0,0,0,0,0,0,0,0,0,0,0,0,0,0,0,0,0,0,0,0,0,0,0,0,0,0,0,0,0
"SRR7691509",569,58,239,65,157,68,20,139,0,0,46,86,22,0,0,0,16,0,0,0,8,107,0,22,0,0,91,0,0,5,0,8,0,0,0,56,37,0,11,0,0,0,0,18,0,0,8,8,0,0,7,0,0,0,17,0,0,0,0,34,0,0,0,0,0,0,0,0,0,28,0,0,0,0,0,0,0,0,0,0,0,11,0,0,0,395,0,0,0,11,0,0,9,3,0,0,0,0,0,0,0,58,0,0,0,0,0,0,0,9,0,0,0,0,5,21,0,0,0,0,0,0,0,0
"SRR7691419",953,140,38,85,70,51,71,122,97,0,167,0,0,19,0,13,0,27,0,7,9,20,0,0,0,0,105,0,0,0,0,0,0,0,0,0,41,0,4,0,0,0,0,0,0,0,24,0,0,0,0,0,0,0,0,0,26,0,0,0,0,0,16,0,83,0,19,0,0,20,0,0,10,0,0,0,0,0,0,0,14,11,8,0,34,60,9,7,0,20,0,0,8,7,23,0,0,34,0,0,0,0,0,0,0,6,0,2,0,0,0,0,0,0,22,0,0,0,0,4,0,0,0,0
"SRR7691278",240,35,54,45,113,29,33,37,0,0,15,0,13,0,0,0,0,38,0,12,0,10,0,10,0,0,23,0,0,0,57,34,0,0,0,0,254,0,0,0,0,0,0,3,0,0,26,0,0,0,0,0,3,0,0,0,0,0,0,0,0,0,0,0,353,0,0,0,0,0,0,0,0,0,0,0,0,0,0,0,0,0,0,0,26,50,0,87,0,0,0,0,0,2,155,0,0,0,0,0,0,0,0,50,7,22,0,0,0,0,0,0,0,0,79,12,0,0,0,0,103,0,0,0
"SRR7691529",638,199,49,126,37,32,174,100,29,23,223,0,20,0,0,44,205,21,0,22,43,19,0,22,0,0,70,0,0,0,0,0,0,0,0,21,48,0,93,18,0,0,0,0,0,0,0,26,0,20,0,0,0,0,0,0,0,0,5,0,0,0,6,0,15,0,0,9,0,33,0,0,12,0,0,0,29,17,0,0,11,11,0,0,0,0,0,0,25,0,0,0,47,0,24,0,0,0,0,0,0,25,0,0,0,0,11,0,0,0,0,0,0,0,0,0,15,0,0,0,0,25,7,0
"SRR7691535",536,282,154,185,0,24,169,121,37,0,60,0,0,19,0,16,0,33,8,0,34,11,0,0,0,0,110,0,0,0,76,6,0,0,0,56,72,11,5,0,20,26,5,0,0,0,5,8,0,0,0,0,0,0,18,0,28,0,0,0,0,0,0,0,100,0,0,11,0,0,41,33,0,0,0,0,0,0,0,0,20,21,0,0,82,0,0,18,0,0,0,0,24,0,46,0,5,116,17,0,6,0,12,0,0,0,0,0,0,0,0,0,0,0,41,0,29,0,7,0,0,0,0,0
"SRR7691513",321,65,55,64,65,20,0,53,0,0,83,174,35,0,0,33,64,2,0,0,6,35,0,14,0,0,94,0,0,10,0,4,0,0,6,50,0,0,8,0,31,6,0,10,0,0,4,8,0,0,5,0,0,0,0,0,0,0,6,13,0,0,0,0,0,0,0,0,0,0,0,0,8,0,0,0,11,0,0,0,9,0,0,0,0,105,0,0,0,0,0,0,0,0,0,0,0,0,0,0,0,0,0,0,0,0,0,0,0,31,0,0,0,0,19,0,0,0,0,0,0,0,0,0
"SRR7691328",668,147,39,115,405,27,36,124,20,0,43,14,0,0,0,0,0,0,0,0,0,14,0,0,0,6,94,0,0,0,0,0,0,0,0,0,30,0,0,0,0,0,0,7,0,0,0,0,0,5,0,0,0,0,0,0,34,0,0,9,0,0,0,0,0,0,0,0,0,0,0,0,0,0,0,0,0,0,0,0,0,0,0,0,0,69,0,0,0,47,0,0,3,6,0,0,0,0,0,0,0,47,0,0,0,0,0,0,0,0,0,0,0,0,0,0,0,0,0,0,0,0,0,0
"SRR7691248",3597,55,0,117,378,46,38,115,120,0,46,0,0,38,113,12,0,2,0,0,0,9,0,12,0,4,1705,12,0,0,0,0,0,0,0,16,51,0,0,0,0,0,0,12,0,0,7,0,0,0,0,0,0,0,0,0,0,0,0,11,89,0,0,0,35,0,0,0,24,0,0,0,0,0,0,0,0,0,6,0,0,0,0,0,20,0,0,0,0,0,0,0,47,17,0,0,0,77,0,0,0,26,0,0,0,0,0,2,11,0,0,0,0,0,0,0,0,5,0,0,0,0,0,0
"SRR7691359",448,56,0,67,134,38,49,141,0,0,0,46,12,0,0,12,15,0,0,0,0,25,0,0,0,10,116,15,0,0,36,0,0,0,0,0,0,5,5,0,0,0,0,17,0,0,8,11,0,0,0,0,0,0,0,0,0,0,0,57,0,0,3,0,125,0,0,0,0,0,0,0,0,0,0,0,0,0,0,0,7,6,0,0,15,0,0,8,0,0,0,0,99,5,24,0,6,36,5,0,0,0,0,0,0,13,0,0,0,4,0,0,0,0,4,4,0,0,0,0,6,0,0,0
"SRR7691448",819,159,0,169,29,21,57,67,160,0,40,0,0,17,15,0,37,14,0,0,0,0,0,0,0,0,32,0,0,0,0,0,0,0,0,26,72,0,16,0,0,0,0,0,0,0,0,0,0,18,0,0,0,0,0,0,0,0,0,0,0,0,6,0,26,0,0,0,0,0,0,0,0,0,0,0,6,0,0,0,7,14,0,0,0,0,0,0,0,0,5,0,80,0,19,0,0,0,0,0,0,0,15,0,0,0,0,0,0,0,0,0,0,0,20,5,0,0,0,3,0,0,0,0
"SRR7691291",473,47,212,60,143,99,31,177,0,0,0,146,17,0,0,0,0,0,0,0,5,72,0,0,0,0,146,0,0,6,0,0,0,0,0,33,0,0,0,0,0,0,0,10,0,0,14,0,0,0,0,0,0,0,0,0,0,0,0,0,0,0,0,0,0,0,0,0,0,0,0,0,0,7,0,0,0,0,0,0,0,0,0,0,0,285,0,0,21,21,0,0,5,0,0,0,21,0,0,0,0,28,0,4,0,0,0,0,0,0,0,0,0,0,15,0,0,0,0,0,0,0,0,0
"SRR7691270",744,8,0,0,185,38,0,189,0,0,0,37,0,0,0,0,0,0,0,0,0,144,0,0,0,0,96,22,0,0,0,0,0,0,0,27,0,0,0,0,0,0,0,79,0,0,0,0,0,0,0,0,0,0,0,0,0,0,0,17,0,0,0,0,0,0,0,0,0,0,0,0,0,0,0,0,0,0,0,0,0,0,5,0,0,500,0,0,0,70,0,0,0,0,0,0,101,0,0,0,0,7,0,0,0,0,0,0,0,0,0,0,0,0,0,0,0,0,0,0,0,0,0,0
"SRR7691380",3658,137,887,289,296,327,145,197,30,8,191,292,111,0,62,40,0,22,0,10,32,551,0,0,0,0,814,352,53,17,96,53,216,0,0,89,32,0,26,12,48,10,0,231,0,0,15,38,0,0,197,0,10,0,95,0,0,0,26,202,43,6,0,0,0,0,0,0,14,0,0,0,0,0,0,27,0,0,0,0,0,0,0,0,0,165,0,0,0,0,0,23,28,10,49,0,27,79,0,0,15,40,4,0,0,0,0,5,0,0,0,0,0,0,19,17,0,97,0,156,0,0,0,17
"SRR7691445",680,324,132,185,20,65,163,237,29,0,238,0,34,0,0,21,0,20,0,7,49,16,0,0,0,0,98,0,0,0,0,5,0,0,0,21,138,0,86,41,0,7,0,16,0,7,38,45,0,9,0,0,0,0,20,0,0,0,0,23,0,3,12,0,18,0,0,0,0,3,0,0,0,0,19,0,27,8,0,0,10,11,0,0,27,10,0,7,0,0,0,164,44,0,32,0,0,63,21,0,0,0,0,0,0,0,0,0,0,0,0,0,0,0,24,0,11,0,0,0,0,0,0,0
"SRR7691343",1017,117,135,70,138,41,40,145,24,0,43,25,18,0,0,9,0,6,0,0,5,6,0,6,0,9,312,0,0,0,0,5,0,0,5,31,39,0,20,0,0,0,0,0,0,0,0,0,0,0,0,0,0,0,0,0,0,0,0,8,0,0,0,0,0,0,0,0,0,0,0,0,0,0,0,0,0,0,0,0,0,0,0,0,0,23,0,0,0,24,0,0,0,0,0,0,0,17,0,0,0,36,0,0,0,0,0,0,0,0,0,0,0,0,0,0,0,0,0,0,0,0,0,0
"SRR7691424",794,487,47,304,61,39,203,368,19,0,153,0,0,8,0,0,0,20,0,3,15,8,0,0,0,0,73,0,0,0,0,0,0,0,0,39,0,0,0,0,0,0,18,0,9,0,0,0,0,0,0,0,0,0,0,0,0,0,0,4,0,0,0,20,9,0,14,0,0,2,0,0,0,0,0,0,0,0,0,0,0,0,0,0,0,9,0,0,0,0,0,0,8,0,8,0,0,0,0,0,0,0,0,0,0,0,0,0,0,0,0,0,0,0,0,0,0,0,0,0,0,0,0,0
"SRR7691466",1345,153,211,126,195,74,76,137,0,3,105,48,0,25,44,22,32,6,0,0,7,43,0,12,0,8,321,30,0,0,0,0,0,0,0,26,0,0,9,0,0,0,0,8,0,0,0,0,0,0,0,0,6,0,0,0,0,0,0,0,60,0,0,0,0,0,0,0,0,0,0,0,0,0,0,0,0,0,0,0,0,0,0,0,0,102,2,0,15,0,0,0,0,0,0,0,0,0,0,0,0,0,0,0,0,0,0,0,0,0,0,0,0,0,0,0,0,0,0,0,0,0,0,0
"SRR7691411",1403,345,234,204,106,62,164,78,0,0,502,20,43,0,22,72,0,9,0,18,61,7,0,56,0,22,341,0,0,9,0,3,0,0,20,31,58,0,48,0,51,25,0,11,0,0,0,14,10,0,0,0,10,0,0,0,0,0,0,0,0,7,7,0,0,0,0,0,0,0,0,0,7,0,0,0,37,0,0,10,0,0,0,0,6,0,0,4,15,37,0,0,4,0,14,0,0,10,0,0,0,18,0,0,0,0,10,0,7,8,0,0,0,0,0,16,0,0,0,0,0,0,0,0
"SRR7691475",506,30,74,56,14,42,19,44,18,0,0,0,19,0,0,0,0,0,0,0,13,0,0,0,0,0,78,18,0,0,29,7,0,0,0,0,51,0,0,0,0,0,0,0,0,0,0,0,0,0,0,0,0,0,30,0,0,0,0,37,0,2,0,0,11,0,0,0,0,5,0,0,0,0,0,0,0,0,0,0,0,7,0,0,12,0,0,0,14,0,0,0,19,0,0,20,0,0,0,0,0,54,0,0,0,0,0,0,0,0,0,0,0,0,21,0,0,17,11,4,0,0,0,0
"SRR7691441",391,33,72,17,25,17,0,19,0,0,0,53,0,0,0,11,0,0,0,0,3,73,0,0,0,0,131,0,0,0,0,0,0,4,0,32,0,0,0,0,0,0,0,7,0,0,22,5,4,0,0,0,0,0,0,0,0,0,0,0,0,0,0,0,0,0,0,0,0,0,0,0,0,0,0,0,0,0,0,0,5,0,7,0,0,88,0,0,0,50,0,0,0,0,0,0,0,0,0,0,0,0,0,0,0,0,0,0,0,13,0,0,0,0,0,0,0,0,0,0,0,0,0,0
"SRR7691337",471,195,238,137,122,69,146,118,0,0,210,12,28,0,0,70,59,7,19,0,54,18,0,21,0,0,122,30,0,0,46,0,0,0,5,0,0,0,13,0,18,10,0,14,0,0,0,30,0,34,0,0,6,0,26,0,0,0,0,147,0,0,0,4,0,0,0,0,0,0,0,0,6,6,0,0,14,0,0,3,0,0,0,0,17,44,0,0,0,0,0,0,0,0,0,0,0,24,0,0,0,0,0,0,0,0,0,0,0,0,0,0,0,0,0,7,0,0,0,0,0,0,7,0
"SRR7691296",1010,236,389,138,161,76,206,168,53,0,75,14,0,18,188,11,0,16,0,0,12,11,0,0,0,7,115,0,0,0,0,0,0,5,0,20,45,9,0,0,0,0,0,0,0,33,0,0,0,0,0,0,24,16,0,0,0,0,0,0,0,0,0,0,10,0,0,0,0,50,0,0,0,0,0,0,0,0,0,0,0,6,0,0,0,0,0,0,22,0,0,0,20,4,0,0,0,0,0,0,0,0,0,0,16,0,0,0,0,0,15,0,0,0,0,0,3,0,0,0,0,0,0,0
"SRR7691320",96,331,0,240,0,28,201,86,58,0,276,22,50,0,0,67,0,138,0,11,33,0,0,7,0,3,24,0,55,0,0,0,0,0,0,0,0,23,39,0,0,7,20,0,0,0,0,4,0,91,0,0,0,0,0,6,0,0,0,0,0,0,0,0,8,0,0,0,0,0,0,0,0,0,0,0,28,0,0,0,0,0,0,0,0,7,0,0,0,0,0,0,0,0,0,0,0,152,0,0,0,0,0,0,0,0,0,0,0,0,0,0,0,29,0,0,0,0,0,0,0,0,0,0
"SRR7691306",230,95,101,109,87,21,91,262,20,42,0,0,26,0,0,17,0,0,0,0,16,5,15,10,0,4,39,0,0,0,0,0,0,0,0,38,216,0,25,19,0,0,0,0,0,0,0,0,0,0,0,0,0,0,0,0,0,0,0,0,0,0,5,0,70,0,0,8,0,0,0,0,0,9,0,0,7,0,0,0,0,0,0,0,38,0,0,17,23,0,0,0,27,5,29,0,0,39,0,0,0,0,0,0,0,0,0,0,0,0,0,12,0,0,0,0,25,0,0,0,13,0,0,0
"SRR7691417",369,168,65,72,32,36,47,93,89,0,49,0,0,15,30,40,0,36,0,0,17,0,0,0,0,0,64,0,0,0,0,0,0,0,0,19,53,0,0,15,8,0,11,10,0,0,0,0,0,0,0,0,0,0,0,0,0,0,0,0,0,0,0,0,14,0,0,0,17,0,0,0,0,7,0,0,0,0,0,0,0,0,0,0,0,0,0,0,0,0,0,0,17,2,0,0,0,0,0,0,0,0,0,0,0,0,16,0,0,0,0,0,0,0,7,0,14,0,0,8,0,0,0,0
"SRR7691316",284,170,157,103,28,22,45,117,0,0,73,52,35,0,0,13,13,15,0,0,25,9,0,12,0,0,138,0,0,7,0,8,0,0,0,27,45,0,12,8,0,0,0,0,0,0,0,0,0,0,0,0,0,0,0,0,0,0,0,0,0,0,0,0,6,0,0,0,0,46,0,0,0,0,0,0,13,0,0,0,7,13,0,17,0,45,0,0,0,0,4,0,0,0,0,0,0,0,0,0,4,16,0,0,0,0,0,0,0,0,0,0,0,0,24,0,0,0,0,0,0,0,0,4
"SRR7691406",274,44,103,80,105,30,66,16,0,34,39,32,31,0,69,5,0,0,0,11,0,33,0,0,0,11,72,0,0,0,30,19,0,0,0,26,67,8,13,47,16,0,0,0,0,0,14,0,0,0,0,0,46,0,0,0,29,0,0,0,0,0,0,0,0,0,0,8,0,0,0,0,0,0,0,0,10,0,0,0,12,0,0,0,29,0,0,0,0,0,0,0,13,0,0,0,19,87,0,0,0,32,3,0,0,0,7,0,0,0,0,0,0,0,31,9,0,0,0,0,15,0,0,0
"SRR7691459",533,51,89,31,118,48,0,52,0,0,0,118,0,0,0,0,24,0,0,0,9,23,0,67,0,14,116,0,0,0,0,0,0,11,0,43,25,5,8,0,0,0,0,209,0,0,0,26,4,0,31,0,0,0,0,0,0,0,0,0,0,0,0,0,0,0,0,0,0,0,0,0,0,0,0,30,0,0,0,0,0,0,0,94,0,201,0,0,0,0,0,0,5,0,14,0,0,0,0,0,0,0,0,0,0,0,0,0,0,36,0,0,0,0,39,0,0,0,0,0,0,0,0,8
"SRR7691307",372,288,234,266,99,94,114,125,99,40,0,37,35,0,0,0,21,35,0,0,11,25,0,14,0,11,56,0,0,6,0,0,0,0,0,54,0,0,9,0,0,0,0,5,0,0,0,0,0,0,0,0,0,0,0,0,0,0,0,0,0,0,0,0,9,7,0,0,0,0,0,0,0,0,0,0,0,0,0,0,0,0,0,0,0,256,0,7,0,0,0,0,0,4,0,0,0,0,0,0,0,0,3,0,0,0,0,0,0,0,0,0,0,0,0,0,4,0,0,0,0,0,0,6
"SRR7691333",93,420,0,104,0,12,69,84,0,0,20,0,0,0,0,0,0,0,9,0,0,0,0,0,0,0,0,0,0,0,0,0,0,0,0,26,40,0,0,0,0,0,0,0,0,0,11,0,0,0,0,0,0,0,0,0,0,0,0,0,0,0,4,0,10,0,0,0,0,0,0,0,0,12,0,0,0,0,0,0,0,0,0,0,0,0,0,0,0,0,0,0,0,0,0,0,0,0,3,0,0,0,0,0,0,3,0,0,0,0,0,0,0,0,7,0,0,0,0,0,0,0,0,0
"SRR7691362",642,155,165,251,224,115,88,356,0,0,129,95,61,0,0,16,31,28,0,0,15,42,0,31,0,19,134,0,0,0,0,8,0,0,0,43,71,0,34,0,15,9,0,55,0,0,0,28,0,7,0,0,0,0,0,0,24,0,0,21,0,0,0,0,32,0,0,0,0,24,0,0,0,0,0,24,10,0,0,0,13,0,33,0,0,169,19,0,0,0,0,0,4,0,12,0,0,0,0,0,0,0,5,0,0,0,51,16,0,0,17,0,0,0,33,0,0,0,13,0,0,0,0,0
"SRR7691241",466,91,37,81,12,33,167,93,0,0,372,0,22,0,0,26,9,18,11,0,26,0,0,0,0,6,34,0,0,0,0,35,0,0,0,0,254,13,28,39,0,0,0,0,0,0,49,0,0,0,0,0,0,0,0,0,0,0,0,0,0,0,21,0,58,0,0,0,0,89,0,0,0,11,0,0,36,0,0,12,0,40,0,0,154,8,0,20,0,0,6,0,17,0,17,17,0,45,9,0,0,462,0,22,0,22,0,0,20,0,0,0,0,0,16,15,0,0,0,0,0,0,0,0
"SRR7691369",894,107,198,155,348,66,93,297,21,0,51,61,41,0,0,15,0,13,0,0,6,19,0,15,0,0,198,0,0,7,0,0,0,0,0,44,0,0,24,0,11,5,0,24,0,0,0,6,0,0,0,0,0,0,8,0,0,0,0,32,0,0,0,0,7,0,0,0,0,0,0,0,0,0,0,8,0,0,0,0,0,0,0,0,0,28,0,0,0,0,0,0,2,0,0,0,0,0,0,0,0,0,0,0,0,0,0,0,0,0,0,0,0,0,0,0,0,16,0,0,0,0,0,0
"SRR7691342",561,88,33,90,26,33,61,75,14,0,0,0,16,0,0,0,13,0,0,0,14,12,0,0,0,0,120,0,0,0,0,25,0,0,0,0,125,0,0,13,0,6,14,0,0,0,8,0,0,3,0,0,0,0,15,0,0,0,0,33,0,0,0,0,19,0,14,7,0,136,0,0,0,0,0,0,0,0,0,0,13,22,0,0,15,11,2,0,0,0,16,0,28,0,58,0,0,153,0,0,0,42,4,42,0,0,0,0,0,0,0,0,0,0,85,0,0,0,8,0,0,0,0,0
"SRR7691364",316,124,0,106,20,11,34,127,0,0,0,0,11,0,0,0,39,0,11,0,5,0,0,0,0,0,48,0,0,0,0,0,0,0,0,49,24,0,0,0,0,0,0,0,0,0,0,0,0,0,0,0,0,0,0,0,0,0,0,0,0,0,4,0,20,0,0,0,0,0,0,0,0,0,0,0,0,0,0,0,7,0,0,0,0,0,2,0,0,0,0,0,0,0,0,0,0,29,0,6,0,0,0,0,0,0,0,0,0,0,0,0,0,0,6,0,8,0,0,0,0,13,0,0
"SRR7691243",969,119,125,162,530,46,185,99,49,0,169,0,26,0,0,71,0,56,0,0,14,0,0,8,0,4,118,0,0,0,0,0,0,0,0,20,40,0,16,0,17,0,0,10,0,0,0,0,0,0,0,0,5,0,0,0,0,0,0,0,0,0,0,10,6,0,0,0,0,5,0,0,0,0,0,0,13,0,0,0,0,0,0,0,0,0,0,0,0,0,0,0,0,0,12,0,0,205,0,0,0,0,0,0,0,0,0,2,0,0,49,0,0,0,0,0,0,0,0,0,0,0,0,0
"SRR7691519",147,1082,0,202,14,16,25,154,315,0,0,0,0,36,58,10,0,0,0,0,0,0,0,0,0,5,532,0,0,0,0,0,0,0,0,18,32,0,0,15,0,0,0,0,0,13,0,0,0,0,0,0,0,58,0,0,0,0,0,0,0,0,0,0,18,0,0,0,0,0,0,0,0,0,0,0,0,0,0,0,0,0,7,0,0,0,0,0,0,0,2,0,10,0,0,0,0,0,0,0,0,0,0,0,0,0,0,0,0,0,0,0,0,40,4,0,6,0,0,0,0,0,0,0
"SRR7691245",411,76,14,184,46,64,37,215,0,21,0,0,0,16,0,0,5,0,0,0,4,12,0,0,0,6,74,0,0,0,0,0,0,0,0,43,30,0,0,0,0,0,0,12,0,0,5,0,0,0,0,0,0,0,0,0,0,13,0,0,0,0,9,0,59,0,0,0,0,0,0,0,0,0,0,0,0,0,0,0,0,0,0,0,24,48,0,6,0,0,0,0,18,0,0,0,0,0,0,0,0,10,0,0,0,0,0,0,0,0,0,9,0,0,26,0,14,0,0,0,0,0,0,0
"SRR7691439",121,19,45,94,141,13,60,59,0,0,0,0,0,0,0,11,8,0,0,0,0,0,25,5,0,0,13,0,0,0,15,0,0,0,0,0,34,0,0,0,0,5,0,0,0,0,0,0,0,0,0,0,9,0,0,0,35,0,0,0,0,0,0,0,26,7,0,0,0,0,0,0,0,0,0,0,0,0,0,8,0,0,0,0,13,18,0,8,0,0,0,0,0,0,13,0,0,0,3,0,0,0,0,0,0,0,12,0,0,0,0,0,0,0,0,4,0,0,0,0,0,0,0,0
"SRR7691246",562,172,327,142,135,63,64,145,0,0,88,32,46,0,0,40,0,6,0,0,13,63,0,51,0,24,155,0,0,5,0,0,0,8,0,79,0,0,0,0,13,0,0,71,0,0,0,9,0,35,0,0,0,0,0,0,0,0,0,7,0,0,0,0,6,0,0,0,0,0,0,0,0,0,0,0,0,0,0,0,0,0,0,0,0,199,0,0,20,0,0,0,5,0,0,0,0,0,0,0,0,8,0,0,0,0,0,0,0,0,0,0,0,0,0,0,0,0,0,0,0,0,0,8
"SRR7691518",274,174,76,291,183,74,134,209,0,0,20,0,0,0,44,25,22,0,0,0,8,6,0,0,0,0,43,0,0,0,0,0,0,0,0,26,19,0,0,0,0,0,0,0,0,28,0,0,0,0,0,0,3,0,0,0,0,0,0,0,0,0,2,0,0,0,0,0,0,10,0,0,0,0,17,0,5,0,0,0,0,4,7,0,0,0,0,0,23,0,0,0,0,0,0,0,0,261,0,0,0,0,0,0,0,0,0,0,0,0,0,0,0,0,8,0,0,0,0,0,0,14,0,0
"SRR7691253",363,20,43,46,16,19,30,54,0,0,43,0,0,0,12,0,0,0,0,0,0,7,0,0,0,0,27,0,0,0,0,21,0,0,0,0,0,6,6,0,0,0,39,0,0,0,7,0,0,0,0,0,0,0,0,0,0,0,0,9,0,0,0,0,77,0,16,0,0,0,0,0,0,0,0,0,0,0,0,0,0,0,0,0,22,0,0,0,19,0,0,0,5,0,42,5,0,0,0,0,0,58,0,15,0,0,0,0,0,0,0,0,7,0,14,0,9,0,3,0,0,0,0,0
"SRR7691476",148,96,0,690,0,30,244,304,211,0,151,0,0,0,19,26,0,0,29,0,25,0,0,0,0,0,33,0,0,0,0,0,0,0,0,105,0,9,0,43,0,0,0,0,17,0,0,0,0,0,0,0,0,0,0,0,0,0,0,0,0,0,0,0,21,0,0,4,0,0,0,0,0,9,25,0,0,0,0,6,0,0,0,0,25,0,0,0,8,0,0,0,0,0,0,0,0,0,30,0,0,0,0,0,0,0,10,0,0,0,0,0,0,0,0,0,0,0,0,0,0,0,0,0
"SRR7691321",483,92,49,159,87,172,48,334,78,0,48,13,0,0,0,11,19,5,0,11,0,41,100,20,0,0,80,0,0,0,0,0,8,0,0,0,43,0,0,0,36,0,0,42,0,0,5,10,0,4,0,0,40,0,0,0,0,0,0,12,32,0,8,0,40,0,0,0,0,0,0,0,0,0,0,0,0,0,0,0,7,0,0,0,0,283,0,6,22,0,0,0,0,0,31,0,0,28,0,0,0,0,0,0,0,0,12,0,7,0,0,0,0,0,3,0,0,0,0,0,0,0,0,0
"SRR7691480",787,75,56,59,54,19,49,55,0,0,20,12,0,0,0,0,0,10,0,0,9,0,0,13,0,5,115,31,0,0,0,0,11,0,0,0,0,0,23,0,8,0,0,6,0,0,0,0,0,0,0,0,0,0,0,0,0,0,0,0,0,0,0,0,0,0,0,0,0,0,0,0,0,0,0,0,6,0,0,0,0,0,0,0,0,91,0,0,0,0,0,0,0,4,0,0,0,0,0,0,0,0,0,0,0,0,0,0,0,0,0,0,0,0,0,6,0,0,0,0,0,0,0,0
"SRR7691289",306,273,258,155,145,43,174,88,19,0,74,28,55,0,0,23,0,12,0,0,4,5,0,0,0,0,69,0,0,0,42,0,0,0,0,0,47,0,0,0,0,0,0,0,0,0,3,7,0,27,0,0,7,17,0,0,26,0,6,0,0,0,0,0,21,0,0,0,0,0,0,0,0,0,0,0,0,0,0,0,0,0,0,0,7,90,12,0,10,0,5,0,0,2,29,0,0,0,0,0,2,0,0,0,0,0,0,0,0,0,0,0,6,0,29,0,0,0,0,0,0,0,0,0
"SRR7691471",352,44,24,23,28,0,8,0,19,0,0,0,0,0,0,0,0,0,0,0,0,0,0,0,0,0,68,16,0,0,0,0,0,0,0,0,0,0,0,0,0,0,0,0,0,0,0,0,0,0,0,0,6,0,0,0,0,0,0,0,0,0,0,0,0,0,0,0,0,0,0,0,0,0,0,0,0,0,0,0,0,0,0,29,0,13,0,0,0,0,0,0,0,0,0,0,0,0,0,0,0,0,0,0,0,0,7,0,0,0,0,0,0,0,0,0,0,0,0,0,0,0,0,0
"SRR7691275",836,154,89,275,63,83,26,190,65,0,10,27,0,29,0,0,32,0,0,0,0,20,0,0,0,0,188,0,14,0,0,5,0,0,0,17,159,11,11,38,0,0,0,0,0,0,5,0,0,0,0,0,12,0,0,0,0,0,0,0,0,0,10,0,81,0,0,0,5,250,0,0,0,0,0,0,0,0,0,0,44,31,0,7,43,104,0,18,0,0,16,0,49,0,45,0,0,0,9,0,5,0,3,0,0,7,24,7,25,0,0,0,0,0,35,0,0,0,6,0,0,0,0,0
"SRR7691361",600,50,86,210,94,54,63,124,42,0,25,47,16,0,0,7,0,40,0,0,3,66,0,15,0,0,334,0,0,9,73,8,0,0,0,18,35,0,15,0,6,0,0,4,0,5,9,0,0,0,0,0,0,0,0,0,0,0,0,0,0,0,0,0,31,0,0,0,0,58,0,0,0,21,0,0,0,0,0,0,15,0,8,0,0,28,0,0,0,0,5,0,17,0,15,0,0,46,0,0,0,40,6,0,0,0,6,6,0,0,0,0,0,0,9,0,4,0,0,15,0,0,0,0
"SRR7691295",201,403,30,126,46,24,168,85,32,0,311,0,16,0,0,0,0,8,9,0,22,6,0,0,0,9,44,0,0,0,0,0,0,0,0,54,232,8,0,10,0,0,0,0,0,0,11,0,0,8,0,0,0,34,0,0,0,0,0,23,15,0,21,0,182,0,0,0,0,0,0,0,10,0,0,0,15,0,0,0,0,0,0,0,16,13,0,0,0,0,13,0,0,0,0,0,0,0,3,0,0,42,4,22,0,10,0,3,0,0,0,0,0,0,0,0,65,0,0,0,16,0,0,0
"SRR7691467",580,34,233,354,119,68,318,289,95,0,0,20,30,0,0,43,20,0,0,14,84,0,0,0,0,17,95,0,0,0,0,0,0,0,0,73,34,8,16,0,0,0,0,5,0,0,0,0,0,0,0,0,51,0,0,0,0,0,0,0,0,0,0,0,8,12,0,0,0,0,0,0,12,0,0,0,22,0,0,0,0,0,6,0,0,43,16,0,0,0,0,0,0,6,0,0,6,0,0,0,0,0,0,0,0,0,17,7,0,0,0,0,0,0,0,0,0,0,0,0,0,0,0,0
"SRR7691512",494,49,16,60,32,15,45,0,36,0,0,0,0,0,54,0,18,30,0,0,0,6,0,0,0,0,52,16,0,0,0,0,0,0,0,0,72,0,0,0,0,0,0,15,0,0,0,0,0,0,0,0,5,0,11,0,0,90,0,47,0,0,0,0,17,0,0,0,0,767,0,0,0,0,0,0,0,0,0,0,6,20,0,14,12,0,0,0,0,0,0,0,0,0,15,0,0,0,0,0,0,0,0,22,0,0,0,0,0,0,0,0,0,0,0,0,0,0,0,0,0,0,0,0
"SRR7691375",373,142,179,118,222,35,56,140,0,0,0,66,27,0,0,0,19,0,0,15,0,4,39,0,0,0,69,0,0,6,109,14,0,0,5,44,0,0,0,13,11,0,66,0,0,0,14,12,0,23,0,0,21,0,0,0,0,0,0,9,0,0,31,0,34,0,48,0,0,0,0,0,0,0,0,0,0,0,8,0,16,19,0,0,67,304,0,27,0,0,13,0,61,5,0,0,0,38,0,23,0,71,0,0,0,9,0,0,0,0,0,0,0,0,62,0,16,0,0,0,0,0,0,0
