,Kingdom,Phylum,Class,Order,Family,Genus,Species
TMNNNNNNNNNNNNNDNSVRGCMRNRDDDRRRDGWMTTCGGTSSRTCAATGGRSGVGAASYACCTGACSSAGCRACGCCGCGTGAGTGAAGAAGGTTTTCGGTATCGTAAAGCTCTGTTGTWAGWSAAGAAYRRGTGTGAGAGTGGAAAGTTCRCRCTRTTGACGGTADCTWACCAGAAAGSGACGGCTAACTACGTGCCAGCAGCCGCGGTAATACGTAGGTCCCGAGCGTTRTCCGGATTTATTGGGACGTAAAGCGAGCGCAGGCGGTYTWSWTAAGTCTGAWGTKAAAGSCYVYGGCTYAACCRKRTGRKARSGCWTTGGAAACTGKKWAACTTGAGTGCARRAGGGGAGAGTGGAATTCCAKGTGTAGCGGTGAAATGCKTAGAKATNWSGGARGAAYWCCRARGWKGGCGAARAGCRGGSYBHYKGGGNGHHDNHACTGACGYTBADRHKCGAARGYRYGGGGDGAKCSRAAACAGGGATTAGGATACCCCCGGGTAG,Bacteria,Firmicutes,Bacilli,Lactobacillales,Streptococcaceae,Streptococcus,oralis_subsp._dentisani_clade_058
WNNNNNNNNNNGGRRGSSAGCAGKDRRGGRDVDWCMTTSSRACACAATGGGRSCGVAASYCGTTCGAYSSAGCRAYKCYGYGTGMRBGAWGAMGKHYTTTCGGWDWYGTAAAVYKACTDTYGRNHVRDSAMGAANVDBBBBBDKRBKRRHWNNNHNNNVNDDWGACARGTANYBDVVBARDAAGBSMCGGCTAAMTACGTGCCGAGCAGCCGCGGTAATACGTAGGKSSCRAGCGTTRTCCGGAWTTATTGGGCGTAAAGSGMGCGYAGGCGGTTHVSWTAAGTCTGWWGTKAAAGSCYVBGGCTYAACACVBRTGWDBNKTCTWTTGGAAACTGKBDRACTCWGAGTGCMGRAGRGGARAGTGGAATTCCWDGTGTAGCGGTGAAATGCGYAGAKATNWGGGARGGAAYACCRRGWGGCGAARGCGRGRGSYYHYTGGGKNHNDNWACTGACGCTSAGDRGHKCGAARGCVWGGGGKDAKCRGAACRRGRATTWRGATACCYBYSSKTAG,Bacteria,Firmicutes,Bacilli,Lactobacillales,Streptococcaceae,Streptococcus,salivarius
ASACGCACGTMKRWRGSASGCMRGTGGGGAATTAGMTTSSDCAAGTGGRSGVRASBTCTGAHSSAGCVAHKYHGCGTGHRBGAWGGAMKKHYYTMYGGDWYGTAAASYDCTDTYRNHNRSGRARNSRVKAANVNNNNNNNBNKNDNHNHBBDHVNNNNNDTGMMKKTANYKDDVHBARDAAAGSVHCGGCTAAYTMCGTGCCAGCAGCCGCGGTAATACGKARGKBSCRRGCGTTRTCCGGAWTTATTGGGYKTAAAGSGAGCGYAGGCKGKWDRWTAAGTSTGWWGTKAAAKSYHGDSGCTYAACSHYWWAGWMYTGCWKYGSRWACTGKYDHVCTTGAGTRYRSRMRRSGWDRGYGGAATTCSWBGTGTAGCGGTGRAATGCKTAGAKATNWSGARGAACWCCRRTKGGCGAARGCRRSYBHCKGRRNNNRHWAACTGACGCTKADGMDCGGGAAGRGGTYSHGGGGGGGKGAKCGRAACRRGGATTAGRDWMMYSBSKRGTAG,Bacteria,Bacteroidetes,Bacteroidia,Bacteroidales,Prevotellaceae,Prevotella,melaninogenica
TWNNNNNWBNNBKRRGCAGCAGTARKDRRRDWMTTSSRCAATGGACRSGVAASYCTGAYSSAGCRACGCCGCGTGAGTGAAGAAGGTTTTCGGATCGTAAAGCTCTGTTGTAAGWSAAGAACGRGTGTGAGAGTGGAAARTTCACRCTGTGACGGTADCTTACCAGAAAGSGACGGCTAACTACGTGCCAGCAGCCGCGGTAATACGTAGGTCCCGAGCGTTRTCCGGATTTATTGGGCGTAAAGCGAGCGCAGGCGGTTWSWTAAGTCTGAWGTKAAAGSCYKYGGCTYAACCRKRGWRBBGCWTTGGAAACTGKBWRACTTGAGTGCARRAGRGGARAGTGGAATTCCWWGTGTAGCGGTGAAATGCGTAGAKATDWGGGRAGRGAAYACCRRGDKGSGMRRAAGSSGRRCYYHYTGGGNGTHHRBWACTGACGCTSAKGYKCCGAARGCGYGGGGGKGAKCVRAACVRGGATTAGGATACCCSYRGGTAG,Bacteria,Firmicutes,Bacilli,Lactobacillales,Streptococcaceae,Streptococcus,parasanguinis_clade_411
AKCWSRYRBRSKAGGVRGCRSRKWDRGGAATHTTSSDCAATGGDSGVRRASHCTGAHSSAGCVAHKYMGCGTGHVKGAWGRMKKHYYTMYTGGDWYGTAAASBDCTKTYRBHNRNSRNBAANVNNNNNNDBNBDRDHNVNNHVNNDNNNWGMVKKTANYGNDVAHNARDAAGSVHCGGCTAAYTMCGTGCCAGCAGCCGCGGTAATACGKAGGRYGCRAGCGTTAWTCGGAATWACTGGGCGTAAAGGGCACGCAGGCGGYKAYTTAAGTGAGRTGTGAAAGCCCCCGGGCTTAACCTGGGAATTGGCATTYYADACTGGGTMRCTAGAGTRCKTYAGRGGRGGGGTAGAATTCCACGTGTAGCRGTGAAATGCGTAGAKATRWGGRRRGGGAAYACCGRWGGCGAAGRGGCRGCYYYYTGGGBNWDDDHAACTGACGYTSAKGYKCGAAAGCGTGGGKGAGCGRAACARGGATTAGRMYMCSSYCRGGTAG,Bacteria,Proteobacteria,Gammaproteobacteria,Pasteurellales,Pasteurellaceae,Haemophilus,parainfluenzae
ASDMSBMYNBRDAGGMRGCAGGTHDRGKAATMTTSSDCAATGGRSGVAAASYCTGAHSSAGCVAHGCMGCGTGMRKGAWTGAMGKHYTTMYGGDWYGTAAAVYKCTKTYRNHVRNGRVSAANVNNHNNNDNDBDRRHHNNNNVNNDNNDTGASKGTANYBDVGHBARDAAGSVMCGGCTAAMTMCGTGCCAGCAGCCGCGGTAATACGTAGGKBSCRAGCGTTRTCCGGAWTTATTGGGCGTAAAGCGMGCGCAGGYGGTTHVWTAAGTCDGAWGTKAAACGBCYVBCGGCTYAACTCVKGRGWDBKKCDTTSGAAACTGKBDRACTWGAGTRYRRNAGRGRRRRGTGGAATTCCTWHGTGTAGCGGTGAAATGCGTAGAKATNWGGGARGAAYWCCRRTKGGCCGAAARAGCRRSYYHYBGGGNHCHTRHHACTGACRYTSAGKRHKCGGAARGYVHGGGGGKTAKCGRAACRGGATTAGATACCCCYGGGTAG,Bacteria,Firmicutes,Bacilli,Lactobacillales,Carnobacteriaceae,Granulicatella,adiacens
ACGCGAGTATGAGGCGCAGTGGGGAATMTTSSDCAATGGRSGVARAASYCTGAHSSAGCVAHKYYGYGTGHRBGAWGRMGKHYTTAMTGGDWYGTAAAVYBCTDTYRNHNRNSRNSAWNVNNNNNNDDRBDVVHHNNBNNNNNNDDWGAVRGTANYKNDVNNARDAAGSVMCGGCTAAMTMCGTGCCAGCAGCCGCGGTAATACGTAGGKBSCRAGCGTTRTCCGGAWTTATTGGGCGTAAAGCGCGCGCAGGCGGATHGGTCAGTCCTGTCTTAAAAAGTTCGGGGCTTAACCCCGTGDAATGGGATGGAAACTGCCAATCTCAGAGTATCGGAGAGGAAAGTCGGAATTCCTAGTGTAGCGGTGAAATGCGTAGATATHWGGGRARGAACACCRRTGGGCGAAGRGCRGRSYYWCTGGRNBBARWWAACTWGACGCTSARGGMKCGAAAGCSMWGGGGGGKKGAGCGRAACRRGGATTAGGATACCCYCGGGTAG,Bacteria,Firmicutes,Negativicutes,Veillonellales,Veillonellaceae,Veillonella,dispar
AMMRWMYRYRKGAGGCGAGSWGTGAGGGAATHTTSSDCAATGGRSGVRRASYCTGAHSSAGCVAHKYHGYGTGHVBGAWGRMGKYHYTWYCGGDWYGTAAASBDCTDTYRNHNRNSRNBAANRNNNNNNDBDBNNDNDNNNHKNNNNNNDWAGWGMVKKTANYNDKVHNARDAAGSVHCGGCTAAMTMCGTGCCAGCAGCCGCGGTAATACGKAGGKBSCRAGCGTTRTCCGGAWTTAYTGGGCGTAAAGRGCKYGYAGGCGGTTWGTYRMGTCTGMHGTGAAAAAGSCCGKRGCTTAACYCYGKGWMKTGCRGTGGRWACKGKCWRACTCWGAGTGCRGKAGGGGAGASTGGAAYTCCWKGTGTAGCGGTGRAAATGCGYAGATATHWGGGARGAACACCGRTGGGCGAAARGGCRGSYYGWCGTCTGGGNGHNRGHWAACTGACGCTSAGRRMKCGAAAGCARGTHGGGGGGKKAAKCRGAACAGRGGAWTWRGATACCCCHKGGTAG,Bacteria,Actinobacteria,Actinobacteria,Actinomycetales,Micrococcaceae,Rothia,mucilaginosa
MTTSSDCAATGGRSGVARASYCTGAHSSAGCVAHKYHGYGTGNRBGATWGRMGKHYYTAYGGDWYGTAAASYNCTDTYRNHHDNSRNBMANVNNNNNBHNDBDRVWHDNBNVNNDNDDWGMVGGTANBGDDVHNARDAAGSVMCGGCTAAMTMCGTGCCAGCAGCCGCGGTAATACGKAKGKBSCRAGCGTTRTCCGGAWTTATTGGGCGTAAAGVGCKYGTAGGCGGTTKGTYRMGTCTGHTGTGAAAAGGCTGGGGCGTTAACCCTGKGTWWTGCWKTGGRWACKGKCGTAACTWGAGTGCAGKAGGGGAGASTGGAAYTCCWKGTGTAGCGGTGRAATGCGYAGATATMWGGGARGAACACCRRTGGGCCGAAGRGCRRSGTYTCTGGNGYBRWWACTGACGCTGAGRMKCGAAAGCARWGGGKGAGCGRAACRRGGGAWTWRGATACCCYCGGGTAG,Bacteria,Actinobacteria,Actinobacteria,Actinomycetales,Micrococcaceae,Rothia,dentocariosa
HTTSSDCAATGGRSCGVGRASYCTGAHSSAGCVAHKYHGYGTGHVBGAWGAMDGBHYTWYTGGDWYGTAAASBDCTDTTYRBHNDNSRVGKARNVNDNNNNNKNKDRDHNNNNNNNNNNNNTGMMDKTANHKNDVNBARDAAGSVMCGGCTAAMTMCGTGCCAGCAGCCGCGGTAATACGKAGGKBSCRAGCGTTRWYCGGAWTWAYTGGGCGTAAAGSGVGCGCAGRCGGTHGWVWTAAGTYMKGRTGTGAAAKSCCSCRGGCTYAACCYSGGATAYTGCRTTSKRAACTGGKKRRCTAGAGTRYDKHAGRGGRGRRGTRGAATTCCWHGTGTAGCRGTGAAATGCGTAGAKATDWGGAGGAAYACCRRWGGGCCGAAARGCRRCYYYYCTGGBGMWDDHACTGACGYTSAKGYBCGAAAGCGTGGGGKAGCGRAACAGGGATTAGATACCCCYGGGTAG,Bacteria,Proteobacteria,Betaproteobacteria,Neisseriales,Neisseriaceae,Neisseria,NA
ATTGGTCAATGGRCCGNRAGYCTGAACCAGCCAAGTMGCGTGMAGGAHGACGGCCCTATGGGTTGTAAACTGCTTTTRTRBGRGRATAAWKWBRDBBACGTGTVVBKTDNTTGYAKGTAYCVYAYGAAATAAGGACCGGCTAATTCCGTGCCAGCAGCCGCGGTAATACGGAAGGTYCRGGCGTTATCCGGATTTATTGGGTTTAAAGGGAGCGTAGGCYGGAGATTAAGTGTGTTGTGAAATGTAGACGCTCAACGTCTGAMTTGCAGCGCATACTGGTTTCCTTGAGTACGCACAACGTTGGCGGAATTCGTCGTGTAGCGGTGAAATGCTTAGATATRACGAAGAACTCCGATKGCGAARGGGCAGCTSWCGKGGRASYGYMACTGACGCTKARGCTCGAARGGYGYGGGGGGKAKCRGAAACAGGRTTAGGATACCCCYKGGTAG,Bacteria,Bacteroidetes,Bacteroidia,Bacteroidales,Prevotellaceae,Prevotella,veroralis
ATATCGCGGAGGGAGCAGCAGTAGGGGAATHTTSSDCAATGGRCSRVRASYCTGAHSSAGCVAHKYHGYGTGHVBGAWGAMGKCHYYTTMTGGDWYGTAAAVBDCTTDTYVNHNRNSRVKAWNVNNNNNNDBDBDRRHWNNNNNNNNNNDWGMMKGTANYBNDVHBARDAAGBVMCGGCTAAHTMCGTGCCAGCAGCCGCGGTAATACGKAKGKBVCRAGCGTTRTCCGGAWTTATTGGGCGTAAAGCGCGTCTAGGTGGTTATGTAAGTCTGATGTGAAAATGCAGGGCTCAACTCTGTATTGCGTTGGAAACTGYATRACTAGAGTACTGGAGAGGYAAGYGGAACTMCAMGTGTAGAGGGTGAAATKCGTAGATATDWGKARGGAAYRCCGRTGRBGGGAARVYRGYTYWCTGGGDMDARWWACTGACGCTRARAGYKCGAAAGGCBWGGGGGGKAGCRAACAGGGAWTWDKAKAYMCCYGGKWMG,Bacteria,Fusobacteria,Fusobacteriia,Fusobacteriales,Fusobacteriaceae,Fusobacterium,periodonticum
ACKKKWCWSTRGGMRGCAGCTGGGGAATMTTGSRCAATGGGCGVAAGCCTGATSCAGCRACGCCGCGTGMGKGAWGRMGGCCTTCGGGTTGTRAASCTCTKTYRBYMRKGRWSAAGMCRCDRYDNDYKAATABHDGGTKRWRDTGASGGTASYKGTVWDARRAAGCSCCGGCTAACTACGTGCCAGCAGCCGCGGTAATACGTAGGGCGCGAGCGTTGTCCGGAATTATTGGGCGTAAAGGGCTTGTAGGCGGTTGGTCGCGTCTGCCGTGAAATYCTCTGGCTTAACTGGGGGCAGTGCGGTGGGTACGGGCYGGRCTTGAGTGCGGTAGGGGAGACTGGAAYTCCTGGTGTAGCGGTGRAATGCGYAGATATMWGGRARGAACACCGGRGTGGCGAARGGCCRGSTYWCTGGNGCYGTWACTGACGCTGAGRGMKCGAAAAGCRTGGGGGAGCRAACAGGGATTAGGATACCCCYGGGTAG,Bacteria,Actinobacteria,Actinobacteria,Actinomycetales,Actinomycetaceae,Actinomyces,sp._HMT_180
MTTGSRCAATGGGSGMAASCCTGATGCAGCSAYGCCGCGTGNGKGAWGRMGGCCTTCGGGTTGTAAACCBCTKTYRSCAKBGAAGMAGVSMNRBYTYYYYKGTGGGDGGGTTGACGGTASSTGSAKARRAAGCGCCGGCTAACTACGTGCCAGCAGCCGCGGTAATACGTAGGGCGCRAGCGTTGTCCGGAATTATTGGGCGTAAAGRGCTYGTAGGCGGYTKGTCGCGTCTGYCGTGAAATCCTCTGGCTTAACTGGGGGCKTGCGGTGGGTACGGGCHGRCTTGAGTGCGGTAGGGGAGASTGGAAYTCCWKGTGTAGCGGTGRAATGCGYAGATATNWGGARGAACACCRRTGGCGAARGCRRSTYHCTGGNGYBRWHACTGACGCTGAGGMKCGAAAGCSWGGGDGARSSRAACRGGATTAGATACCGGTAG,Bacteria,Actinobacteria,Actinobacteria,Actinomycetales,Actinomycetaceae,Actinomyces,sp._HMT_169
HTTSSDCAATGGRSGVARASYCTGAHSSAGCVAHKYHGYGTGHVBGAWGRMBGBHTYTWYTGGDWYGTAAAVBDCTKTYRNHNDNGRNBARNVNBNNNBDDDBDRVHNNNNNNNNNNDDWGGMVKKTANHKNDVNNARDAAGBVMCGGCTAAMTMCGTGCCAGCAGCCGCGGTAATACGKAGGKBSCRAGCGTTRWYCGGAWTTAYTGGGCGTAAAGCGRGCGCAGRCGGTTACTTAAGCAGGATGTGAAATCCCCCGGGCTYAACCTGGGAACTGCRTTYYRWACTGGGTRRCTAGAGTGYKTYAGRGGGGRGGTAGAATTCCACGTGTAGCRGTGAAATGCGTAGAKATRTGGAGGAAYACCRRWGGCGAARGCRGCYYYYTGGNMWDDHACTGACGYTSAKGYBCCGAAAGCGTGGGGTAGCGGAACAGGGATKAGCRAACASDGGGTAG,Bacteria,Proteobacteria,Betaproteobacteria,Neisseriales,Neisseriaceae,Neisseria,flava
MTTSSDCAATGGRBGVRRASYCTGAHSSAGCVAHGYMGCGTGMRKGAWGAMGKHYYTMYGGDWYGTAAASYKCTKTYRBNHGDSRHKAANDNNNNNBWBDBDRVWMNNBWVNBNNNDTGHMKGTABCDNVHBARDAAGSVMCGGCTAAYTMCGTGCCAGCAGCCGCGGTAATACGKARGKYBCRRGCGTTRTCCGGATTTATTGGGYKTAAAGSGTAGCGYAGGCBGKDDRWTAAGYSTGWWGTGAAAKGYWGWSGCTCAACSWYWGWMYTGCAKYGSRWACTGKTTHMCTTGAGTRYRSRMRRSGWDRGYGGAATTCSWYGTGTAGCGGTGAAATGCKTAGATATDWSGARGAACWCCRRTKGCGAAGRGGCRGCTBDCKGGGGDVBRHWACTGACGCTKARGYKCGAAGRGGTYSYGGGGGGKGAKCGRAACAGGGATTAGGRWWMCSSYRGGTAG,Bacteria,Bacteroidetes,Bacteroidia,Bacteroidales,Prevotellaceae,Prevotella,salivae
HTTSSDCAATGGRSCRVRASYCTGAHSSAGCVAYKYYGYGTGHVBGACWGRMGKTHYCTWYGGDWYGTRAASBDCTKTYRNNHRNSRNNMANVNNNNNNDBDBKDRHWVNNNNNNNNDDWGMVGKTANYDGGGDVAHNARDAAGBVMCGGCTAAMTMCGTGCCAGCAGCCGCGGTAATACGKAKGKBVCRAGCGTTRTCCGGAWTTATTGGGCRTAAAGSGCRTSTAGGCGGTCCAGRTAAGTCTGGGGTGAAAACTTGCGGCTCAACCGCAAGCCTGCCCCTGGAAACTATGYGGCTAGAGTRCTGGAGAGGTGGACGGAACTSCACGWGTAGGAAGGTGAAATTCGTAGATATKTGSAGGGAAWDSCSRWKRHKRARRHWRBTYMMYKGRMVGNWAMYKRMSSYKRRRBKSSRAARSYTBTDGGGKKAGAGCGRAACAGGRWTWAKRDWHMCCYGGGTAG,Bacteria,Fusobacteria,Fusobacteriia,Fusobacteriales,Leptotrichiaceae,Leptotrichia,sp._HMT_417
ACGAGTGCGTGGAGGGCAGTGGGGAATHTTSSDCAATGGRSGNRASYCTGAHSSAGCVAHGYMGCGTGHVKGAWGRMGGYYYTMTGGRTYGTAAASYDCTKTYVBNNGBSAAGCARVBAWVNNNNNNDRKDBBRVWHVDNYNNBNNDDTGMVKKTAVYNNVNBARDAAGSVMCGGCTAAYTMCGTGCCAGCAGCCGCGGTAATACGGAAGGTCCRGGCGTTATCCGGATTTTATTGGGTTTAAAGGGAGCGTAGGCYGRAGATTAAGTGTGTTGTGAAAKGKWGWSGCTCAACGTCTGMMTTGCMGYGSAWACTGGTTWMCTTGAGTRCRSACAASGTWGGCGGAATTCGWYGTGTAGCGGTGAAATGCKTAGATATRWSGARGAAYWCCGRTKGCGAARGCRGCYBWCKGGGNNHRBWACTGACGCTKADGYKCGAAGRGYGYGGGGGGKAKCRGAACAGGGATTAGGATACCCCGGGTAG,Bacteria,Bacteroidetes,Bacteroidia,Bacteroidales,Prevotellaceae,Prevotella,sp._HMT_313
TCRTMSSWCGKRRGRGSSAGCAGTRGGAAGKAMKTMTTSSRCAATGGRSCGVRASYWCCTGAYSSAGCVAYKCYGYGTGMRBGAWGAMGGYHYTWYGGDTYGTAAASYKCTKTYGRDHHKDSRMDARNVDBNBBTBDKRBKRRHHDKDNNNHNNDKWAKWGMMGGTANYDDVHBARDAAGBVMCGGCTAAMTMCGTGCCAGCAGCCGCGGTAATACGTAKGKSSCRAGCGTTRTCCGGAWTTATTGGGCGTAAAGSGAGCGCAGGCGGTYWGGWAAGTCTGGAGTAAAAGGCTATGGCTCAACCATAGTGTGCTCTTGGAAACTGTCTRACTTGAGTGCAGAAGGGGAGAGTGGAATTCCATGTGTAGCGGGTGAAATGCGTAGATATATGGGAGGAACACCRRTGGRCGAARAGSSGGCTCTCTGGGBYTGTMACTGACGCTGAGGGGCTYBSGAAAGGCGTGGGGKAGCGRAACRRGGGATTAGRWWMCCCYGGGTAG,Bacteria,Firmicutes,Bacilli,Lactobacillales,Streptococcaceae,Streptococcus,mutans
ATAGAGTACTGGGCAGCAGTGGGGAATMTTSSDCAATGGRSGVRRASYCTGAHSSAGCVAHGYHGCGTGMRBGAWGRMGKHYYTMYGGDWYGTAAASYKCTDTYGRNHNRDSRHBADNVNNNNNBNBDBDRRHWNBDNNNNNNNDTGMVDGTANYNDVNNARDAAGSVMCGGCTAAYTMCGTGCCAGCAGCCGCGGTAATACGKARGKBSCRRGCGTTRTCCGGATTTAYTGGGYGTAAAGGGAGCGYAGACGGCRAWGYAAGTCTGAAGTGAAAKBCMWGGGCTCAACCSRTGRAYTGCTTTGGAAACTGTWTRGCTTTGAGTGYMGGAGRGGWRAGYGGAATTCCWWGTGTAGCGGTGAAATGCGTAGATATHWGGARGAACACCRRGWGGGCGAAGGRGCRRSTYDCTGGGNYBRHNACTGACGYTGARGGMKCGAARGCVHGGGKRRKCRAACRRGATTAAG,Bacteria,Firmicutes,Clostridia,Clostridiales,Lachnospiraceae_[XIV],Lachnoanaerobaculum,orale
MTTSSRCAATGGRSGVAGASYCGTGAYSSAGCVAYKCYGYGTGMRBGAWGRMGGHYTTMCGGDTYGTAAASYKCTKTYRNHVRDSRNSARVVNNNNNBNNDBDRVWMNNBNNNNDNDDTGASKGTABYBDNHNARDAAGSVMCGGCTAAMTACGTGCCAGCAGCCGCGGTAATACGTAGGKBSCRAGCGTTATCCGGAWTYATTGGGCGTAAAGCGCTGCGTAGGCGGTCTGTTAGGTCGGGAGTTAAATACCGGGGGCTCAACCCCCGYTCTGCTCYCGATACCGGCAGACTTGAGTTTGGTAGGGGAARGTGGAATTCCTAGTGTAGCGGTGRAATGCGYAGATATHWGGARGAACACCRRTGGGCGAARGGCRGGRSYYTCTGGGNGHBCRHWACTGACGCTGAGGGMKCGAAAAGCBWGGGKGGAGCRAMMRGGATTAGGATACCCTGGGTAG,Bacteria,Actinobacteria,Coriobacteriia,Coriobacteriales,Coriobacteriaceae,Atopobium,parvulum
ATTGGTCAATGGGCGRRAGCCTGAACCAGCCAAGTMGCGTGMAGGATGACKGYCYGTATGGRTTGTAAACTTCTTTTATASGGGAATAAMRWGAGYYACGWGTRRCTGYMYTGCATGTACCBTATGAATAAGCATCGGCTAACTCCGTGCCAGCAGCCGCGGTAATACGGAGGATGCGAGCGTTATCCGGATTTATTGGGTTTAAAGGGTGCGTAGGCGGCCTGTTAAGTCAGCGGTGAAATCTAGGAGCTTAACTTCCTAAATTGCCRTTGAWACTGGYKGGCTTGAGTGYAGWWGRGGWRRGYGGAATKCSTGGTGTAGCGGGTGRRAAATGGCDYAGATATHWSGMRGAACWCCRRTKGCGAARGGCRGSHBNCBRRGVBYRYWACTGACGCTKAGRGMDCGGRAARGYRYGGGDDWKCRAACAGGGATTAGATACCYCYGGGTAG,Bacteria,Bacteroidetes,Bacteroidia,Bacteroidales,Porphyromonadaceae,Porphyromonas,pasteri
AGCGTCGTCTGGGCAGCAGTGAGGAATHTTSSDCAATGGRSGVAASYCTGAHSSAGCVAYGCCGCGTGHVKGAWGRMGKHYTTCTGGDWYGTAAASBDCTDTYRBHHDNSAMGWMNRNNNNNNNBNNDRDWMNKNNNNBNNDDTGASKGTABBDTDVNNARDAAGSVHCGGCTAACTACGTGCCAGCAGCCGCGGTAATACGTAGGKBSCRAGCGTTRTCCGGAWTTATTGGGCGTAAAGMGCKYGYAGGCGGYTKGKYRMGTCTGYYGTRAAAAGBCYSKRGCTTAACYSBGTGKHTTGCRGTGGGTACGGGCWRACTAGAGTGCAGTAGGGGGAGACTGGAAYTCCWKGTGTAGCGGTGGAATGCRYAGATAGTMNGGGRARGAACACCRRTGGGCGAARGCRGGSTCTCTGGGKGCYGTWACTGACGCTGAGRMKCGAAAGCRGTTGGGGGKAGCRAACAGGGATTAGGATACCCCCGGGTAG,Bacteria,Actinobacteria,Actinobacteria,Actinomycetales,Micrococcaceae,Rothia,aeria
MTTSSDCAATGGRCSGVRASYCTGAHSSAGCVAHGYMGCGTGMRKGAWGAMKKYYYTMYGGRWYGTAAASYKCTKTYRBNNRDGRVGBAANNNNBNNNDDNNNNNWHDBDNVNBNNNDTGHVKKTANYDNVHBARDAAGSVHCGGCTAAYTMCGTGCCAGCAGCCGCGGTAATACGKARGDBSCRRGCGTTRTCCGGATTTATTGGGYKTAAAGSGAGCGYAGGCGGWTWGWTAAGTCWGMRGTKAAAGGSTGTGGCTYAACCWTRSWWYTGCYKTKGAAACTGKYDAWCTTGAGTGCARRMRGGGGGWTKRSYGGAATTCSWKGTGTAGCGGTGAAATGCKTAGATATVWSGARGAACWCCGRGTBGGCGAARGGSMRGSTBWCBGGGNGBYGGGYWACTGACGCTKARGGMDCGAARGYVYGGGGGKTAKCRAACAGGGAWWWRGATACCCYGGGTAG,Bacteria,Bacteroidetes,Bacteroidia,Bacteroidales,Prevotellaceae,Alloprevotella,sp._HMT_308
HTTSSDCAATGGDSGVARASHCTGAHSSAGCVAHKYHGYGTGMRBGAWGRMKGHYYTMBGGDTYGTAAASYKCTKTYRNHNRDSRVBARNVNNNHKNNNNNVNKDRHNNBNNNNNDNNNWGHVKGTANYNDVHBARDAAGBVHCGGCTAAHTMCGTGCCAGCAGCCGCGGTAATACGKARGDYSCRRGCGTTRTCCGGATTTATTGGGYKTAAAGGGAGCGTAGGCKGKWGRTTAAGTSTGWWGTGAAAKGYWGWSGCTYAACGCYMTGRMTTGCAGYGSATACTGKTTWMCTTGAGTRCRSACRRSGWKRGYGGAATTCSTYGTGTAGCGGTGAAATGCKTAGATATVWBGARGAACWCCGRTKGCGAARGGCRGCYBNCGKGGDVNRNWACTGACGCTSADGCKCGAARGGYSHGSGGGGKAKCGRGAACRRGGATTAGRWWMCCCYGGGTAG,Bacteria,Bacteroidetes,Bacteroidia,Bacteroidales,Prevotellaceae,Prevotella,histicola
HTTSSDCAATGGRCSGVAASYCTGAHSSAGCVAHGYMGCGTGVRKGAWGAMRBHCYYWYGGDDYGTAAASYBCTDTYRBHHDNGRDSAANVNNBNNNDKDNDRDHHNNNHNNNDNDDWGASGKTANHDDVHNARDAAGSVMCGGCTAAYTMCGTGCCAGCAGCCGCGGTAATACGKRGGGTGCRAGCGTTAYYCGGAATHACTGGGCGTAAAGAGRMGCGYAGGCGGMYTAWYAAGTSTSTTGTGAAAKSCTATGGCTTAACCATAGAAYTTGCWWKRSAAACTRDTARKCTAGAGTKMRRRAGRGGHRRVTGGAATTSSWKGTGTAGSGGTRAAATSCGTAGAKATMWSSAGGAAYRCCVRYKGCGAARGGCRRGBYYDCTGGGDMYKHWACTGACGCTRAKGHKYGAAAGCGTGGGGKGAKCGRAACAGG,Bacteria,Proteobacteria,Epsilonproteobacteria,Campylobacterales,Campylobacteraceae,Campylobacter,concisus
MTTSSRCAATGGRSGVARASYCTGAYSSAGCRAYGCCGCGTGMRBGAWGAMGKHYTTCGGDWYGTAAAVYKCTDTYGRNHVRDSAHGAANVVNBNHBDDDBDRVHWNBDHNDNNNNDWTGASGGTANYDDVRHBARRAAGSSMCGGCTAACTACGTGCCAGCAGCCGCGGTAATACGTAGGKSSCRAGCGTTGTCCGGAWTTATTGGGCGTAAAGCGCGCGCAGGTGGTTTAATAAGTCTGAWGTGAAAGSCCRYGGCTCAACCRTGGWRSGTCWTTGGAAACTGKYDAACTTGAGTGCAGRAGRGRARAGTGGGAATTCCWWGTGTAGCGGTGAAATGCGTAGAKATWWGGGAGGGAACACCRGTGGCGAARGGGCGGCTTYTYTKGGTHYBGYAACTGACRCTGGAGGCKCGAAAGCGTGGGGGGAGGCRAACMRGGATTAGGATACCCYCGGGTAG,Bacteria,Firmicutes,Bacilli,Bacillales,Gemellaceae,Gemella,morbillorum
MTTSSDCAATGGRSGVAASYCTGAHSSAGCVAYKYMGCGTGHRBGAWGAMRSHYCTWCGGDKYGTAAAVYDCTKTTRDNNRRGAMKAANRNBBNDNDGAGKVSDRWBWDYDHDVNBDDDWGAMGGTAYYDNMHBARDAAGVVMCGGCTAAYTMCGTGCCAGCAGCCGCGGTAATACGTAGGKSSCRAGCGTTRTCCGGAWTTATTGGGCGTAAAGVGMGCGYAGGYGGTYWDDTAAGTCTGWWGTKAAARBSYVBGGCTYAACTCSDKDRDDBKCDTTGGAAACTGKNWRRCTWGAGTRCWRRAGRGRWRAGYGGAAYTMCWDGTGTAGMGGTGAAATGCGTAGAKATDWGKARGAAYRCCRRTGGGCGAAARGCRRCYYHCTGGGNHDRHMACTGACGYTNADGGCKCGAARGCSWGGGGGKGAKCRAACRGGGATTAGATACCCCYGGGTAG,Bacteria,Firmicutes,Bacilli,Lactobacillales,Carnobacteriaceae,Granulicatella,elegans
TCTATACTATGGGCAGCAGTAAGGAATHTTSSDCAATGGRSGVAAASYCTGAHSSAGCVAHKYMGCGTGHVBGAWGRMGGHYYTWYGGDTYGTAAAVBDCTKTYRNHVRDSRHBAANVNDHNNBDBVBKRRHWVBDNNNNNNNDWGMVGGTABYBDVHNARDAAGSVMCGGCTAAHTMCGTGCCAGCAGCCGCGGTAATACGTAKGKSSCRAGCGTTRTCCGGAWTTATTGGGCGTAAAGCGCGCGCAGGCGGWTCHRRTHAGTCTGWMKTWAAAGKYYGGGGCTTAACCCYRKKAYGSKWTGGAAACTGYTKAWCTWGAGTRTMGGAGRGGAAAGTGGAATTCCTAGTGTAGCGGTGAAATGCGTAGAKATDWGGGARGAAYACCRRTGGGCGAARGGCRRASYYYYTGGNHBDHWAACTGACRCTSAKGMKCGAAAGCSVWGGGKGAGCRAACRGGATTAGGATACCCCYGGGTAG,Bacteria,Firmicutes,Negativicutes,Veillonellales,Veillonellaceae,Veillonella,rogosae
MTTSSDCAATGGRSGVRGASYCTGAHSSAGCVAHGYMGCGTGHRKGAWGRMGKHYYTMTGGDWYGTAAAVYKCTDTYRNNNRDSRHBAANVNNNNNBNNDBNRRHWNNDNVNNNNNDTGMVKGTABYGNNVNNARDAAGSVMCGGCTAAYTMCGTGCCAGCAGCCGCGGTAATACGKARGKBSCRRGCGTTRTCCGGATTTAYTGGGYGTAAAGGGAGCGCAGRCGGTTRCRCAAGTCTGAAGTGAAATCCCGRGGCTTAACCACGGGACTGCTTTGGAAACTGTKYRACTTGAGTRYMRGAGGGGMRRGYGGAATTCCWWGTGTAGCGGTGAAATGCGTAGATATNWSGARGAACWCCRRGWKGCGAARGSCRRGSYYDYKGGGNNNRHWAACTGACGYTBAGDGGYKCGAARGGYSHGGGKGRGAKCRAACRGG,Bacteria,Firmicutes,Clostridia,Clostridiales,Lachnospiraceae_[XIV],Stomatobaculum,sp._HMT_097
ATTGGACAATGGASSRMRASYCTGATCCAGCAATTCTGYGTGCACGAWGAMGKKTTTTTCGGAWTGTAAAGTGCTTTCAGYWGGGAAGAAAGTCAATCACGTGKGARDRWRTGACGGTACCWRCAGAAGAAGYGACGGCTAAATACGTGCCAGCAGCCGCGGTAATACGTATGTCACRAGCGTTATCCGGATTTATTGGGCGTAAAGCGCGTCTAGGTGGTTATRTAAGTCTGATGTGAAAATGCAGGGCTCAACTCTGTATTGCGTTGGAAACTGTGTAACTAGAGTACTGGAGAGGTAAGCGGAACTACAAGTGTAGAGGTGAAATKCGTAGAKATDWGKARGAAYRCCRRWGGSGGAARSCRRCYYHYKGGGVHDDDWACTGACRCTVADGYKCGAAAGYSWGGGGKAGCRAACRGGGATTAGGATACCCCYGGGTAG,Bacteria,Fusobacteria,Fusobacteriia,Fusobacteriales,Fusobacteriaceae,Fusobacterium,sp._HMT_203
TCTATACTATGGAGGCAGTGGGGAATMTTSSDCAATGGRSGVAGASYCTGAHSSAGCVAHKYMGCGTGMRBGAWGRMGKHYYTMYGRDWYGTAAASYKCTDTYGVNNNRDSRHBARNVNNHNNNNBNBKRRHHNNNNNNNNNDDTGMVRGTANYNNVANNARDAAGBVMCGGCTAAHTMCGTGCCAGCAGCCGCGGTAATACGKAGGKBSCDAGCGTTRTCCGGATTTAYTGGGCGTAAAGGGTGCGTAGGTGGTCCTTCAAGTCGGTGGTTAAAGGCTACGGCTCAACCGTAGTAMGTCYKYSGAAACTGKWKRACTTGAGTGCAGRAGRGGARAGTGGAATTCCHWGTGTAGCGGTGAAATGCGTAGATATDDGGGARGAACWCCRRTDGCGAARGCGRRGCYYWCTGGGNBGBRGHWACTGACRCTKARGGHDCGAARAGYSHGGGGGKAKCRAACRGGGATTAGGATACCCTGGGTAG,Bacteria,Firmicutes,Clostridia,Clostridiales,Peptostreptococcaceae_[XI],Peptostreptococcus,stomatis
CMTTSSRCAATGGRSGVARASYCTGAYSSAGCVAYKCYGYGTGMRBGAWGAMGKHYTTACGGDWYGTAAASYBCTKTYRNHHRDGAVSAANVVNBBDBDKDBKRDMHDBHHVNNVNDDWTGASGGTANYDDVHBARDAAGSVMCGGCTAAMTACGTGCCAGCAGCCGCGGTAATACGTAGGKSGCRAGCGTTRTCCGGAWTTATTGGGCGTAAAGGGMGTGTAGGCGGTCTTTTAAGTCTGRKGTGAAAGCSYRYGGCTYAACCRYRKWRSGTCMBTGGAAACTGKBGARRCTTAGAGTGCAGRAGAGGARAGYGGAATTCCWWGTGTAGCGGKTAGAAATGCGTAGAKATHWGGGARGAAYACCRRTGGCGAARGGCRRGCTYWCTGGGNYNKYWACTGACGCTSAKGGCHDACGAAAGGCSWGGGKGAGCRAACAGGGATTARRWWMCCCYKGGTAG,Bacteria,Firmicutes,Bacilli,Lactobacillales,Aerococcaceae,Abiotrophia,defectiva
MTTSSRCAATGGARSGVAASYCTGAYSSAGCVAYKYHGCGTGMRBGAWGRMGKYHYTWYGGDWYGTAAAVYKCTDTYRNHHRNSRVKMAHRNNNNNNNNDBKRRHWVNNNVNNNNNDTGAMGGTANYDDVHBARDAAGSVMCGGCTAAHTMCGTGCCAGCAGCCGCGGTAATACGKARGKBSCRAGCGTTATCCGGATTTACTGGGTGTAAAGSGAGCGCAGACGGCRRTGCAAGTCTGAAGTGAAAGGCGTGGGCTCAACCCATGAACTGCTTTGGAAACTGYDTRRCTTGAGTGYMRRAGRGGWRAGYGGAATTCCWWGTGTAGCGGTGAAATGCGTAGAKATNWGGARGAAYACCRRWGGCGAARGSCSRRCYYHYTGGGNHDRHWAACTGACGYTSAGKGYDCGAAGRGCSWGGGGKAGCGRAACRGG,Bacteria,Firmicutes,Clostridia,Clostridiales,Lachnospiraceae_[XIV],Lachnoanaerobaculum,umeaense
MTTSSDCAATGGRSGVAGASYCTGAHSSAGCVAHGYMGCGTGHVBGAWGAMGKHYTTAYGGDWYGTAAASBDCTDTYRNHYATGGTCAAGCCGCAACTNGNGRVKADNVNNNNNNDNDBDRVHHNNNNNNNNNNDWGMVRKTANCDDVHBARDAAGSVMCGGCTAAYTMCGTGCCAGCAGCCGCGGTAATACGKAGGKBSCRAGCGTTRTCCGGAWTTAYTGGGYGTAAAGGGAGCGCAGACGGCTWKGCAAGTCTGAAGTGAAAGCCCGGGGCTTAACCCCGGGGACTGCTTTGGAAACTGYGAAGCTAGAGTGTCGGAGAGGTAAGTGGAATTCCMWGTGTAGCGGTGAAATGCGTAGATATWGDGGARRGAACACCRGWGGCGAARGCGRCTYWCTGGGHYDRWWACTGACGYTGAGGMDCGAARRGCSWGGGKGAGCRAACRRGATTAGGATACCCTGGGTAG,Bacteria,Firmicutes,Clostridia,Clostridiales,Lachnospiraceae_[XIV],Lachnospiraceae_[G-2],bacterium_HMT_096
ATWGASKWHWSWGGMRGCAGYRRTGGARWCTTCSGCAATGGRCGMAAGYCTGACSGAGCAACGCCGCGTGAGTGAWGAMGGCYYTTCGGRTYGTAAAGCTCTGTTRWTMGRGAMGAAMRRBYYWYWKRSDAAYWGTKAGDRSRWKTGACGGTAYCKRAMYAGAAAGCCACGGCTAACTACGTGCCAGCAGCCGCGGTAATACGTAGGTGGCAAGCGTTGTCCGGAATTATTGGGCAGGTAAAGCGCGCGCAGGCGGATYRGTYAGTCTGTCTTAAAAGTTCGGGGCTTAACCCCGTGAKGGGATGGAAACTGCYRATCTCAGAGTATCGGAGAGGAAAGTGGAATTCCTAGTGTAGCGGTGAAATGCGTAGATATWWGGGARGAAYWCCRRTGGCGAAGRGCRRCTYWCTGGNHBRWHAACTGACGCTSARGMKCGAAAGCSWGGGKGAGCRAACRGGGATTAGGATACCCCCGGGTAG,Bacteria,Firmicutes,Negativicutes,Veillonellales,Veillonellaceae,Veillonella,parvula
MTTGGRCAATGGRSSVAGASYCTGAYCCAGCRAYKCYGYGTGMRYGAWGAMGKCYYTTTTCGGRWYGTAAASYKCTKTYRKYWGGGAAGAARVRGKRYDRKNDBRRHHNNBBNNYNWRRTGACGGTACCWRMRGAAGAAGYGMCGGCTAAATACGTGCCAGCAGCCGCGGTAATACGTATGTCACRAGCGTTATCCGGATTTATTGGGCGTAAAGCGCGTCTAGGTGGTTATRTAAGTCTGATGTGAAAATGCAGGGCTCAACTCTGTATTGCGTTGGAAACTGWRTAACTAGAGTACTGGAGAGGTAAGCGGAACTACAAGTGTAGAGGTGAAATKCGTAGATATWTGKAGGGAAYRCCRRTGGSGRAARSCRGCTYWCTGGGHYWGWWACTGACGCTRARAGCKCGAAAGCGTGGGGKAGCRAACAGGGATTAGGATACCCYCGGGTAG,Bacteria,Fusobacteria,Fusobacteriia,Fusobacteriales,Fusobacteriaceae,Fusobacterium,nucleatum_subsp._vincentii
MTTSSDCAATGGRSGVAGASYCTGAHSSAGCVAHKYMGCGTGHRBGAWGRMGKHYYTWYGGDWYGTAAAVYDCTDTYRNHHRDSRVBADNVNNNNNNDKRBKVDHHVNBNNNNNNNDTGMVKGTANYDDVNBARDAAGSVMCGGCTAAYTMCGTGCCAGCAGCCGCGGTAATACGKAGGKBSCRAGCGTTRTCCGGATTTTAYTGGGYGTAAAGGGAGCGCAGACGGCTYTGCAAGTCTGAAGTGAAAGCCCGCGGCTTAACCGCGGGACTGCTTTGGAAACTGCARGGCTTGAGTATCGGAGGGGCAGGCGGAATTCCTAGTGTAGCGGTGAAATGCGTAGATATHWGGARGAACACCRRTGGGCGAARGGCRRCYYDCTGGGNYNRWWACTGACGYTGAGGGMKCGAARGSCSWGGGKRGAGCRAACRGG,Bacteria,Firmicutes,Clostridia,Clostridiales,Lachnospiraceae_[XIV],Stomatobaculum,longum
YRYRKMTCKWGGAGGCAGCAGTGGGATMTTSSRCAATGGRSGVAASYYCCTGAYSSAGCVAYGCCGCGTGMRKGAWGRMGGGHYTTCTGGDWYCGTAAAVYKCTKTYRDHVRNGRNSAANVVNHNNNNKDBDRRHNDDNNVNNDNNDWGASKGTANYBDVHNARDAAGSVMCGGCTAACTMCGTGCCAGCAGCCGCGGTAATACGTAGGKBSCRAGCGTTRTCCGGAWTTATTGGGCGTAAAGVGCTCGTAGGCGGYTGGTYGCGTCTGYCGTGAAAWACYTCYGGCTYAACYGGGGGCKTGCGGTGGGTACGGGCYGRCTWGAGTGCRGTAGGGGWRACTGGAAYTCCTGGTGTAGCGGTGRAATGCGYAGATATMWGGGARGAACACCGRTGGGCGAARGCRGSGTYWCTGGDGCYGTWACTGACGCTGAGGRGMKCGAAAAGCRTGGGGGGGAGCRAACAGGATTAGGATACCCCCGGGTAG,Bacteria,Actinobacteria,Actinobacteria,Actinomycetales,Actinomycetaceae,Actinomyces,graevenitzii
MTTSSDCAATGGRSGVAASYCTGAHSSAGCVAHKYHGYGTGMRBGAWGRMGGYYYTMTGGRYYGTAAASYKCTKTYRBHHRKSARKWMNRDVNRBVVVDRTGGAANNKKSHKNBDDTGMVKGTASYKDVHNARDAAGSRMCGGCTAAHTMCGTGCCAGCAGCCGCGGTAATACGTAGGKCSCGAGCGTTRTCCGGATTTATTGGGCGTAAAGCGAGCGCAGGCGGTTAGAAAAGTCTGAAGTGAAAGGCAGTGGCTCAACCATTGTAGGCTTTGGAAACTGTTTAACTTGAGTGCAGAAGGGGAGAGTGGAATTCCATGTGTAGCGGTGAAATGCGTAGATATRWSGRARRGAAHWCCGRGTKGCGAARGCRGGCTCTYKCKGGGHBYRYMACTGACGCTGARGCTCGAAAGYGYGGGKRAKCRAACAGGGATTAGGATACCCYGGGTAG,Bacteria,Firmicutes,Bacilli,Lactobacillales,Streptococcaceae,Streptococcus,anginosus
MTTSSDCAATGGARSGVRASYCTGAHSSAGCVAHGYMGCGTGMRKGAWGAMGGYYYTHYGGRTYGTAAASYKCTKTYRBNHGDGRRKAANDDNHDBBRBDKDDVVNDNNHVNHDNNDTGHMKGTABCDNMHBARDTAAGSVMCGGCTAAYTMCGTGCCAGCAGCCGCGGTAATACGKARGKYSCRRGCGTTRTCCGGAWTTATTGGGYKTAAAGSGAGYGYAGGCGGTWWRWTAAGYSTGWWGTKAAAKKYWGDKGCTYAACMWYTTRRYWYGCWKYGSRAACTGKYDTRACTTGAGTRCASRMRRSGWRDGYGGAATTCVWBGTGTAGCGGTGAAATGCKTAGATATVWBGARGAACWCCGRTKGCGAARAGGCRGCWBWCKGGGDBYRYWACTGACGCTKARAGMKCGGAARRGGBTGYRBGGGGGGKAKCGRGAACAGGGATTAGRWWMCCCYGGSWRG,Bacteria,Bacteroidetes,Bacteroidia,Bacteroidales,Prevotellaceae,Prevotella,pallens
MTTSSRCAATGGRSGVAASYCTGAYSSAGCVAYGCCGCGTGMRKGAWGRMGKHYTTMTGGDWYGTAAASYKCTKTYVNHHRDGRHSAANVVBHNHBDKDNBNVHHNNNNVNNNNDDTGASGKTANYDDVNNARVAAGSVMCGGCTAACTMCGTGCCAGCAGCCGCGGTAATACGTAGGKSSGCRAGCGTTRTCCGGAWTTATTGGGCGTAAAGAGTGCGTAGGTGGTTACCTAAGCGCAAGGTTTAATTTAGAGGCTCAACCTCTACTTGCCTTGCGAACTGGGCTACTTGAGTGCAGGAGGGGAAAGCGGGAATTCCTAGTGTAGCGGTGAAATGCGTAGATATKAGGARGAACACCRGYGGCGAAGGCGRGGCTYWCTGGGMSNRYAACTGACRCTGARGGCDCGAAAAGCGWGGGGKAGCRAACAGG,Bacteria,Firmicutes,Clostridia,Clostridiales,Peptostreptococcaceae_[XI],Mogibacterium,diversum
MTTSSRCAATGGRSGVAGASYCTGAYSSAGCRAYGCCGCGTGMRKGAWGAMGGTBYYTCGGVTYGTAAASYKCTKTYRCKHNKDSAMRARVSRBWRHDDDRSBRRHWRKDYVWHDHDDTGASGGTANYNDVHBARDAAGBVMCGGCTAACTACGTGCCAGCAGCCGCGGTAATACGTAGGKBSCRAGCGTTARTCCGGAWTTATTGGGCGTAAAGVGMKYGYAGGCGGTTHNWYRMGTCTGMWGTKAAAGSCYBYGGCTYAACCRBRGDDKBKCGRCWKYRGRAACKGKBDRACTTGAGTGCARRAGRGGAKAGTGGAAYTCCWKGTGTAGCGGGTGRGAATGCGYAGATATMWGGARGAACACCRRTGGCGAAARGCRRGSTNYCTGGGNYTYRHMACTGACGCTGAGGGRGCHBSGAAAGCRWGGGGKKANCGRRAMVVRRDWWDRKRHTACCCYGGGTAG,Bacteria,Firmicutes,Bacilli,Lactobacillales,Lactobacillaceae,Lactobacillus,gasseri
MTTSSDCAATGGRBGVRGAVYCTGAHSSAGCVAHGYMGCGTGMRKGATHGAMKGYYYTMYGGRTYGTAAASYKCTKTYRDNNGDGRMKAANVDNNDBBWBRBDRRHWRNNHVNNNNHDTGHMKGTABCNNHHBARDAAGSVMCGGCTAAYTMCGTGCCAGCAGCCGCGGTAATACGKARGKYSCRRGCGTTRTCCGGAWTTATTGGGYKTAAAGSGWTGCGYAGGCSGTTWGWTAAGYSTGMWGTKAAAKDYWGKGGCTYAACCWYWRWMKYGCWKYGSRAACTGKYKTRACTTGAGTRCRBRRKRGGWRRGYGGAATTCSWBGTGTAGCGGTGAAATGGCKTAGATATNWSGARGAACWCCGRTKGCGAAGRGGCRGSYBWCBGKVNHRYWACTGACGCTKARAGMDCGAAGRGGTYGTYGGGGGKAKCRGAACARRGGGAYTAGGRWWMCCSBKRGTAG,Bacteria,Bacteroidetes,Bacteroidia,Bacteroidales,Prevotellaceae,Prevotella,nanceiensis
CMTTSSRCAATGGRSGVAASYCTGAYSSAGCRACRCCGCGTGNGKGAWGAMGGGBYTTCGGVTYGTAAASCNCTGTTARWWAVRDAGAMGAAVRVKHDWBDKRBDRRWMDKKHSWBDVDKTGACGGTAHYBDMMBAGWAAGBSMCGGCTAACTACGTGCCAGCAGCCGCGGTAATACGTAGGTSSCRAGCGTTRTCCGGATTTATTGGGCGTAAAGMGAGYGCAGGCGGTTWKHTAAGTCTGWWGTKAAAGSCYBBGGCTYAACCVKRGWWGYGCWTYGGAAACTGBNWDWCTWGAGTRCMRRAGRGGRKAGTGGAAYTCCWWGTGTAGCGGTGRAATGCGTAGATATDWGGARGAACACCRRTCGGCGAAARGCRRCTMYCTGGGNYYGYAACTGACGCTGAGRYKCGAARGCRKWGGGGKAGCRAACAGGATTAGATACCCCYGGGTAG,Bacteria,Firmicutes,Bacilli,Lactobacillales,Lactobacillaceae,Lactobacillus,fermentum
MTTSSRCAATGGRSSVARASYCTGAYSSAGCVAYKCYGYGTGMRBGAWGRMRGKYYTTCGGRWYGTAAASYDCTKTYRNHHGDSAMGAANVVNNNNNDKNNNVDNNNBNNVNNNNDDTGACGGTANCDDVMBARDAAGBVMCGGCTAAMTACGTGCCAGCAGCCGCGGTAATACGTAKGKSSCRAGCGTTRTCCGGAWTTATTGGGCATAAAGGGCATCTAGGCGGCCYTRTAAGTCTAGGGTGAAAACCTGCGGCTCAACCGCAGGCYTGCCCYGGAAACTAYARGRCTRGAGTAYYGGAGAGGTGGRCGGAACTRCACGAGTAGAGGTGAAATTCGTAGATATKTGYAGGGAATRCCGATGRYGAAGRYRGYYYNCTGGGDCKRWWACTGACGYTVARGYKCGAAAGCKDGGGKGGAGCRAACAGGGATTAGGATACCCCYGGGTAG,Bacteria,Fusobacteria,Fusobacteriia,Fusobacteriales,Leptotrichiaceae,Leptotrichia,hongkongensis
MTTSSRCAATGGGRSCGVRASYCTGAYSSAGCRAYKCYGYGTGMRYGAWGAMGKWYTTCGRWTYGTAAAGYKCTKTYVKHWGRGAAGAABRRBKSWKWGAGTRRMHWKWYMHVVHWRTGACGGTAHCWDMVSARRAAGSSMCGGCTAAMTACGTGCCAGCAGCCGCGGTAATACGTAKGKSSCGAGCGTTGTCCGGAATTATTGGGCGTAAAGGGTACGTAGGCGGYYTTTTTAAGTCAGGTGTGAAAGCGTGRGGCTTAACCTCATTAAGCACTTGAAACTGGAAGRCTTGAGTGAAGGAGAGGAAAGTGGAATTCCWWGTGTAGCGGTGAAATGCGTAGATATWWGGAGGAAYACCGRTGGCGAARGGCRRCTYTCTGGGHYKKTWACTGACGCTSAGGGYDCGAAAGCSWGGGGGAGCRAMMAGG,Bacteria,Firmicutes,Clostridia,Clostridiales,Peptoniphilaceae,Parvimonas,micra
MTTSSDCAATGGRSGVAASYCTGAHSSAGCVAYGCCGCGTGNRKGAWGRMGKHYCTTCGGDWYGTAAASYNCTDTYRDNVGNSRVSADNVNNHDDVNBDBDDRWANNNDNDNNNDDTWKAGASRKTANBNNVNNARDAAGSVMCGGCTAACTMCGTGCCAGCAGCCGCGGTMATACGKAGGGBGCRAGCRTTAWYCGGARTNACTGGGCGTAAAGAGTTGCGTAGGCGGTTTAATAAGTGAATAGTGAAACCTGGTGGCTCAACCATACAGACTATTATTCAAACTGTTAAACTCGAGARTGGTAGAGGTAACTGGAATTTCTAGTGTAGGAGTGAAATCCGTAGATATTWGVAGGAACRCCGRTGGGCGWARGGCMRGSTYWCTGGNGYYRTWWCTGACGCTRARGDGHDCGAAAGCDHGGGKGAGCRAACMSG,Bacteria,Saccharibacteria_(TM7),Saccharibacteria_(TM7)_[C-1],Saccharibacteria_(TM7)_[O-1],Saccharibacteria_(TM7)_[F-1],Saccharibacteria_(TM7)_[G-1],bacterium_HMT_352
HTTSSDCAATGGRSGVAGASYCTGAHSSAGCVAHKYYGYGTGMRBGAWGAMGGHYTTAYTGGDTYGTAAASYKCTKTYVBHVDDGRVBAANVDDYBBNNDDRNBNNHNNHNNNNNNDNDTGAVRKTANYBDNNBARDAAGSVMCGGCTAACTACGTGCCAGCAGCCGCGGTAATACGTAGGKSGCRAGCGTTRTCCGGAWTTATTGGGCGTAAAGRGYGCGYAGGYGGYWHMWTAAGYSYRRKGTKWAAGSCMRBGGCTYAAACCRTKGBWBGTCHTTGSRAACTGGKKWRCTTGAGTGCAGRAGRGGARAGTGGAATTCCWNGTGTAGCGGTGAAATGCGTAGAKATDWGGARGAAYACCRRWGGCGAARGGGCRRCYYHYTGGGDMDDDWACTGACRYTSAGKGYDCGAARGCSWGGGKGAGCGRAACRRG,Bacteria,Firmicutes,Clostridia,Clostridiales,Peptostreptococcaceae_[XI],Peptostreptococcaceae_[XI][G-1],sulci
MTTSSDCAATGGRSGAVRASYCTGAHSSAGCVAHKYHGYGTGMRBGAWGAMGGYYTTTTMTGGRTYGTAAASYKCTKTYRDHHDDGRMKAANNVNHNNBDBNBDRRNWDNDNVNNDNDDTGAMGGTABYDDVHBARDAAGSVMCGGCTAAMTMCGTGCCAGCAGCCGCGGTAATACGTAKGKSVCRAGCGTTRTCCGGAWTTATTGGGCRTAAAGGGCATCTAGGCGGWTATDCAAGTCAGGGGTGAAAACTTAGGGCTCAACTCAAAAGCTTGCCTTTGAAACTGTDTATCTAGAGTGYTGGAGAGGTGGRCGGAACTACACGWGTAGAGGTGAAATTCGTAGATATKTGBAGGGAAYRCCGRTGRYGAAGRYAGYYYWCTGGDMDRHHACTGACGCTRARAGYKACGAAAGCGTNDRGGKGRGCRAACARGRATTAGRWWMCCCYGGGTAG,Bacteria,Fusobacteria,Fusobacteriia,Fusobacteriales,Leptotrichiaceae,Leptotrichia,sp._HMT_221
MTTSSDCAATGGRSSVRRASYCTGAHSSAGCVAHKYYGYGTGMRBGAWGRMDBHCYTWYGGDDYGTAAAVYKCTKTYDNNNDNGRHBAHNVNVNNNNNBDNKRRHWRKDNNNNDNDDTGMVGGTABBNNVHNARDAAGNVMCGGCTAAHTMCGTGCCAGCAGCCGCGGTAATACGKARGKBBCRRGCGTTRTCCGGAWTTAYTGGGYGTAAAGBGHSCGYAGKCKGWCWHNDTAAGTCDGHNKTBAAAKSCYVYGRCTYAAYCRTRGWNVGGSNDTGGAWACTGBHDWWCTWGARKKMWSDAGGGGWKASTGGAATTYCHKGTGKAGCGGTGAAATGCGTWGATATMDGRARGAACRCCGRGWRGCGAARGCRGSTHWCTRKVBHRHWMYTGACGMTGARGSGDCGAMAGYKTGGGGKGAKCRAACAGG,Bacteria,Absconditabacteria_(SR1),Absconditabacteria_(SR1)_[C-1],Absconditabacteria_(SR1)_[O-1],Absconditabacteria_(SR1)_[F-1],Absconditabacteria_(SR1)_[G-1],bacterium_HMT_875
TGATACGTCTGGAGGCAGCTGGGGAATHTTSSDCAATGGRSGVAGASYCTGAHSSAGCVAHKYYGCGTGHVKGAWGRMGGHYYTMTGGDTYGTAAASBDCTKTYRBHHDNSRNBAANVNNNNNGMKWVKBDWAMNHNHNBDBNDDRBWGAVGKTANCHDDVHNARDAAGSVMCGGCTAAMTMCGTGCCAGCAGCCGCGGTAATACGKAGGGTGCGAGCGTTAATCGGAATTACTGGGCGTAAAGCGRGCGCAGACGGTTACTTAAGCAGGATGTGAAAATCCCCCGGGGCTCAACCYGGGAATTGCGTTYTGAACTGGGTRGCTAGAGTGTGTCAGAGGGGGGTAGGAATTCCACGTGTAGCAGTGAAATGCGTAGAGATGTGGGAGGAATACCGAWGGGCCGAAGGCAGCCYCYCTGGGGGAWDDYACTGACGYTCATGYBCCGAAAGCGTGGGGKAGCAAACAGG,Bacteria,Proteobacteria,Betaproteobacteria,Neisseriales,Neisseriaceae,Neisseria,oralis
HTTSSRCAATGGRSGVAASYCTGAYSSAGCVAYGCCGCGTGHVKGAWGAMGKHYTTACGGDWYGTAAASBWCTDTYRDHVKDVAVGAAVRNNNBNBDKNBDRRHWVBNHNDNNNDDTGACGKTANMBDMVBARDAAGSVMCGGCTAACTMCGTGCCAGCAGCCGCGGTAATACGKAGGKYGCGRAGCGTTRWYCGGAATTAYTGGGCGTAAAGMGYRCGCAGGCGGTTWKDYAAGWCYGATGTGAAAKSCCSKGGCTTAACCHKGTGWAYTGCWTTKSWDACTGBDWRRCTWGAGTRYDKHAGGRGRRGRRGTRGAAYTCCRYRTGTAGCRGTGAAATGCGTAGAKATDHGGARGAAYACCGRTGGCGAARGCRGCYYYYTGGDGMDDDHACTGACGYTSAKGYDCGAAAGCGTGGGGRKGAGCRAACAGGGATTAGATACCCCYGGGTAG,Bacteria,Proteobacteria,Betaproteobacteria,Burkholderiales,Burkholderiaceae,Lautropia,mirabilis
CMTTSSRCAATGGRSSVAGASYCTGAYSSAGCVAYKCYGYGTGMRBGAWGAMGKYYTTMTGRRWYGTAAASYDCTKTYRNHHRDSAMSAANVNNNNBNDKRBKRNHHNNNNNDBDNDDTGASGGTABCDDVVBARDAAGBVMCGGCTAAMTACGTGCCAGCAGCCGCGGTAATACGTAKGKYVCRAGCGTTATCCGGAWTTATTGGGCRTAAAGGGCRTCTAGGCGGCCRGATAAGTCTGGGGTGAAAACTTGCGGCTCAACYGCAAGCCTGCCCTGGAAACTATGCGGCTAGAGTRCTGGAGAGGTGRRCGGAACTRCAMGWGTAGAGGTGAAATTCGTAGATATBTGBAGGGAATGCCGATGRYGAAGRYAGYTYWCTGGRCKGGHWACTGACGCTRARGYGCGAAAGCKWGGGKRAGCRRAACAGGATTAGATACCCCCGGGTAG,Bacteria,Fusobacteria,Fusobacteriia,Fusobacteriales,Leptotrichiaceae,Leptotrichia,wadei
MTTSSRCAATGGRSGVAASYCTGAYSSAGCRACGCCGCGTGARKGAWGAMGGCHYTTCGGDTYGTAAAVYNCTKTYRNWMRDSRMVRAHRVBBNHNDBRBDRRHHNKDHVNNVNDKWGASGGTABBKDVMNARDAAGSSMCGGCTAACTACGTGCCAGCAGCCGCGGTAATACGTAGGKSGCRAGCGTTGTCCGGAATTATTGGGCGTAAAGMGMGCGCAGGCGGHYTAKYCAGTCTGTCTTAAAAGTTCGGGGCTCAACCCCGTGATGGGATGGAAACTRSTRRKCTRGAGTATCGGAGAGGAAAGYGGAATTCCTAGTGTAGCGGTGAAATGCGTAGATATWWGGARGAACACCRGTGGCGAARGCGRCYYYCTGGDHDRWWAACTGACGCTGAGGYKCGAAAGCBWGGGKRAGCRAACRGGGATTAGGATACCCCCGGGTAG,Bacteria,Firmicutes,Negativicutes,Veillonellales,Veillonellaceae,Veillonella,sp._HMT_780
ATATCGCGAGGGAGGCCAGTAGAGAATMTTSSRCAATGGRSGVARASYCTGAYSSAGCVAYKCYGYGTGHRBGAWGRRMGKHYTTCGGDWYGTAAASYDCTDTYRNHHRNSRHSARNVVNNNNBDKDBDRNHHNNNNNNNNNDDWGASRKTANYGDDVNNARDAAGSVMCGGCTAAMTMCGTGCCAGCAGCCGCGGTAATACGKAGGKBSCRAGCGTTRTCCGGATTTACTGGGTGTAAAGGGAGCGTAGACGGAGTGGCAAGTCTGAAGTGAAAACCCTGGGCTYAACCYDGGGACTGCTTTGGAAACTGTTWAWCTWGAGTGYWGRAGRGGWRAGTGGAATTCCWDGTGTAGCGGTGAAATGCGTAGATATHWGGARGAACACCGRWGGCGAAGGRGCRGSYYHCTGGGNHNRHWACTGACGYTSARRMKCGAAAGCRTGGGKGAKCRAACAGG,Bacteria,Firmicutes,Clostridia,Clostridiales,Lachnospiraceae_[XIV],Oribacterium,asaccharolyticum
TACACGTGATGGAGGGCAGTGGGGAATHTTSSDCAATGGRSGVRASYCTGAHSSAGCVAHGYMGCGTGHVKGAWGRMGGHYYTMTGGDTYGTAAASBDCTKTYRNHNRNSRVBMANVNNHDNBNNNKDRRHWNNNNNNNNNDDWGMVKKTANYHDNHBARDAAGSVMCGGCTAAYTMCGTGCCAGCAGCCGCGGTAATACGKAGGKKGCRAGCGTTRWYCGGAATWAYTGGGCGTAAAGGGCACGCAGGCGGHYWBTTAAGTVDGRTGTGAAAKCCCCGGGCTTAACCTGGGAATTGCRTTKSRDACTGGSWRDCTAGAGTRCKKTAGGGRRGRGTRGAATTCCAYGTGTAGCGGTGAAATGCGTAGAKATNWGGARGAAYACCRRWGGCGAARGCRRSYYYYTGGAVHGHDDWACTGACGCTSAKGHKCGAAAGCSWGGGGRAGCGRAACRGG,Bacteria,Proteobacteria,Gammaproteobacteria,Pasteurellales,Pasteurellaceae,Aggregatibacter,segnis
MTTSSRCAAGTGGGSGVRASCCTGAYSSAGCRACGCCGCGTGAGKGAWGAMGGHYTTCTGGDTYGTAAASCTCTKTTRKHRRGGAVNAABVDDHGHVDVRWKRRHWAKNYNNHDYNNTGAVKGTACYTDAYSARWAAGSVMCGGCTAACTACGTGCCAGCAGCCGCGGTAATACGTAGGKSSCRAGCGTTRTCCGGAWTTATTGGGCGTAAAGMGMGYGYAGGYGGYTHVDTVAGTBTGWHGTKAAADBBHVBGGCTYAACTBVBDKNDBGKCDDTGGRAACBGKBDDRCTWGAGTRYNGRAGRGGARAGTGGAAYTCCWDGTGTAGCGGTGRAATGCGYAGATATMWGGGARGAACACCRGTGGCGAARGCGGSTCTCTGGNCYGTWACTGACGCTGAGGMKCGAAAGCRTGGGKGAKCRAACAGGGATTAGGATACCCCCGGGTAG,Bacteria,Firmicutes,Bacilli,Lactobacillales,Streptococcaceae,Streptococcus,intermedius
ATTGSRCAATGGARSGVAASYCTGAYSCAGYVAYDYYGYGTRHRKGAWGAMGGYYTTMTGGRTTGTAARSYDYTKTYRKDHRDGRNKAAVVHDHVNVWVWGTRRWWDBDDVNNDNNNTGAMSRTACNYDBMNSARDAAGSVMYGGCTAAMTMYGTGCCAGCAGCCGCGGTAATACRKAKGKBSCGAGCGTTRTCCGGAWTTATTGGGYGTAAAGSGHGCGYAGGCGGBDWRWTAAGTCWGKAWGTKAAAKSCYBBGGCTYAACYSRKRRWHYGCWWYKGAAACTRKDHDWCTTGAGTRYHRRAGRGGWRWGTGGAAATTCCWWGTGTAGCGGTGAAATGCGTAGAKATADDGGARGAAYACCRRWGGCGAAGRGCRRCYHHYTGGGNHDRHHACTGACRYTSAGKGGYDCGAAAAGYSWGGGKGAKCGRAACVRG,Bacteria,Firmicutes,Clostridia,Clostridiales,Ruminococcaceae,Ruminococcaceae_[G-1],bacterium_HMT_075
CGTAGACTAGGGAGGCAGTGAGGAATMTTSSDCAATGGRSGVRASHTCTGAHSSAGCMAHGYMGCGTGMRKGAWGAMKGYYYTMYGGRKYGTAAASYDCTKTYRDNNGRGRMKAAHRDNNNBBWBDKDNNHNNBDHVVNNNNNWGHMKGTABCNNVHBARDAAGSVHCGGCTAAYTMCGTGCCAGCAGCCGCGGTAATACGKARGDYSCRRGCGTTRTCCGGAWTTATTGGGTTTAAAGGGHGCGYAGGCGGWTTRTTAAGTCAGTGGTGAAAGHCVSYGGCTCAACCATMGTTMKGCYWTKGAAACTGGYDRWCTTGAGTGCAGAMRGGGGAKRSTGGAAYTCSWKGTGTAGCGGTGAAATGCKTAGATATVWSGADGGAACWCCRRTBGCGAARGCRGSTBWCYGKNGBYRYAACTGACGCTGARGGMKCGAARGYGYGGGGGKGAKCGRAACAGGGAWTWRGATACCCCYGGGTAGCCGTAGACGTACG,Bacteria,Bacteroidetes,Bacteroidia,Bacteroidales,Prevotellaceae,Alloprevotella,sp._HMT_473
TCTACGTAGCGGCAGCAGTAGGGAATWTTGSDCAATGGGSGVAASCCTGAHSCAGCVAYGYCGCGTGDVKGAWGGAMGGCYTTCGGGTTGTAAASBHCTKTYRNYVRSGAVGAARVBKTVDKDKGYHAATABYNHVDBVNRDTGACGKTAMCBYRVHKARDAAGCRCCGGCTAACTMCGTGCCAGCAGCCGCGGTAATACGKRGGGTGCGAGCGTTAATCGGAATAACTGGGCGTAAAGGGCACGCAGGCGGTBABTTAAGTVDGRTGTGAAAKCCCCGGGCTTAACYTGGGDAYTGCRTTYYRWACTGGGTSRCTAGAGTRYKTYAGRGRGRGGTAGAATTCCACGTGTAGCRGTGAAATGCGTAGAKATGTGGAGGAATACCGAWGGCGAAGGCAGCCYCYTGGGAWWRYACTGACGYTCATGYBCGAAAGCGTGGGKGAGCAAACAGG,Bacteria,Proteobacteria,Gammaproteobacteria,Pasteurellales,Pasteurellaceae,Haemophilus,paraphrohaemolyticus
MTTSSDCAATGGRSSVARASYCTGAHSSAGYVAYKCYGYGTGHRBGAWGRMKKHYTTTMTGRDWYGTAAASYDCTDTYRNHHRDVRWSAAVVDBNBBBWNVBKDDWWNBDDVNNDNDDTGASDGTABYDDNHNARDAAGSNMCGGCTAAMTMCGTGCCAGCAGCCGCGGTAATACGTAKGKNSCRAGCGTTRTCCGGATTTATTGGGYGTAAAGSGWGCGYAGACGGWWABRYAAGTYWGWTGTGAAATRCCKYGGCTTAACTGWGGAACTGCWACTAAAACTATATTTCTTGAGTATCGGAGGGGTTTGTGGAATTCCTAGTGTAGCGGTGGAAATGCGTAGATATWAGGGARGAACACCRRTKGCGAARGCRRCWHWCTGGGVSKRHAACTGACGYTKARGGCDCGAAAGYSHGGGKGAKCRAACRGGATTGATCCTGGTAG,Bacteria,Firmicutes,Clostridia,Clostridiales,Ruminococcaceae,Ruminococcaceae_[G-2],bacterium_HMT_085
MTTSSRCAATGGRSGVAGASYCGTTGAYSSAGCVAYGCCGYGTGMRBGAWGRMGGYYTTYGRTRTYGTAAAVYKACTKTYVNHNDNSRNSAABVNDNNHKDBDBHRRHWNNNNNNNNNDNTGASRKTANBNDVANVARRAAGSVMCGGCTAAMTMCGTGCCAGCAGCCGCGGTAATACGKAKGKSSCRAGCGTTRTCCGGAATTATTGGGCGTAAAGGGTACGTAGGTGGCCTTTTAAGCGTAGGGTATAAGGCAATGGCTCAACCATTGTTCGCCCTATGAAACTGRAAGGCTTGAGTGCAGGAGAGGAAAGYGGAATTCCYAGTGTAGCGGTGRAATGCRTAGATATWWGGAGGAACAYCRGYGGCGAAGAGCGRGCTYTCTGGGWCKRYAACTGACRCTGAGGGYWCGAAAGCGTGGGGGGAGCRAACAGG,Bacteria,Firmicutes,Clostridia,Clostridiales,Peptostreptococcaceae_[XI],Peptostreptococcaceae_[XI][G-9],brachy
MTTSSDCAATGGRSGVAASYCTGAHSSAGCVAMGYMGCGTGMRKGAWGRMGGYYYTWYGGRTYGTRAASYKCTKTYRNHNRDGRVSMABVNNWVBBRKRSNVDHNNDDNVNBNVDDTGASKGTABYKDNHBARDAAGSVMCGGCTAACTACGTGCCAGCAGCCGCGGTAATACGTAGGKBSCRAGCGTTRTCCGGAWTTATTGGGCGTAAAGRGCTYGTAGGCGGTTTGTCGCGTCTGSTGTGAAAGTCCATCGCTTAAACGGTGGATTKGCGCTGGGTACGGGCAGGCTAGAGTGTAGTAGGGGAGACTGGAATTCYCGGTGTAACGGTGGAATGTGTAGATATCRGGARGAACACCRATGGGCGAAGGGCCAGGTCTCTGGGGCYRTWACTGACGCTGAGRMKCGAAAGCVWGGGGGRAGCRAACRGG,Bacteria,Actinobacteria,Actinobacteria,Bifidobacteriales,Bifidobacteriaceae,Alloscardovia,omnicolens
MTTSSDCAATGGRYGVRGASYCTGAHSSAGCMAHGYMGCGTGMRKGAWGAMKGYYYTWYGGRTYGTAAASYKCTKTTRKDHRRGRAKAAVNDBVNDBWGHBWGRWMRBDWVVBHVNBTTGMMKGTABYDBMHSARWAAGSRHCGGCTAAYTMCGTGCCAGCAGCCGCGGTAATACGKARGKYYCRRGCGTTATCCGGATTTATTGGGTTTAAAGGGAGYGTAGGCKGKMKRTTAAGCGTGTTGTGAAATTTAGGTGCTCAACATTTAACTTGCAGCGCGAACTGTCAGACTTGAGTACACGCAGCGCAGGCGGAATTCATGGTGTAGCGGTGAAATGCKTAGATATVWKGARGGAACWCCGRTBGCGAAAGGGCRGCYYDCGKGGGRSTRTDACTGACGCTKARGCKCGGGAARGGTBBBGGGGGKAKCRGAACARGGATTAGATACCCSBKGGTAG,Bacteria,Bacteroidetes,Bacteroidia,Bacteroidales,Prevotellaceae,Prevotella,nigrescens
HTTSSDCAATGGRCSGVRASYCTGAHSSAGCVAHGYMGCGTGHVBGAWGRMGGYYYTWYGGRTYGTAAASBDCTKTYRNHHGNSRVKARNRNNNNNNDBRBWRDWWNNNNNVNNNDNTGMMGKTANCDDTVHBARDAAGSVMCGGCTAAYTMCGTGCCAGCAGCCGCGGTAATACGKAGGKBSCRAGCGTTRWYCGGAWTTAYTGGGCGTAAAGCGMGCGCAGRCGGTTWRDATAAGYMWGAWGTKAAAAKSCYSKRGCTTAACYWKGGWNCTGCKTTKKRAACTGDYWARCTAGAGTRTRKMAGAGGRGRGTRGGAATTCCAYGTGTAGCRGTGAAATGCGTAGAKATRTGGAGGGAAYACCGRWGGCGAARGCRGCYCYYTGGBHWDDWACTGACGYTSAKGYKCGAAAGCGTGGGGKAGCRAACARGAYTAGATACCYGKWRG,Bacteria,Proteobacteria,Betaproteobacteria,Neisseriales,Neisseriaceae,Kingella,oralis
CTTCSRCAATGGRSGVAASYCTGAYSGAGCAACGCCGCGTGAGTGAWGAMGGYYTTCGGRTYGTAAARCYCTGTTRWWMRDSAMGAABRVBWKTSDKRSKRRHWDDDHNNHDBDDTGACGGTANYKDMMYAGMAAGBSACGGCTAACTACGTGCCAGCAGCCGCGGTAATACGTAGGKSSCRAGCGTTGTCCGGAWTTATTGGGCGTAAAGSGARCGCAGGCGGTYNDWWAAGTCTGAWGTDAAAGSCTDYGGCTYAACCRKWGWWBTGCWTTGRAAACTGKHNRACTTGAGTGCARRAGRGGAGAGTGGAAYTCCATGTGTAGCGGTGRAATGCGTAGATATATGGARGAACACCRGTGGCGAARAGCGGCTCTCTGGYYTGYAACTGACGCTGAGGGYTCGAAAGCRTGGGGKAGCRAACAGG,Bacteria,Firmicutes,Bacilli,Lactobacillales,Lactobacillaceae,Lactobacillus,salivarius
MTTSSDCAATGGRSGVAASYCTGAHSSAGCVAMGYMGCGTGMRKGAWGRMGKHYCTWYGGDWYGTAAASYKCTDTYRHHHRDSRHBAAHRRBYDKVAKWDBNRNDCRVDNNNVNBNNTTGCGAATAGTTAGAANDRDTGMVKGTANYBDNNNARDAAGSVMCGGCTAAHTMCGTGCCAGCAGCCGCGGTAATACGKAGGDBSCRAGCGTTRTCCGGAWTTATTGGGCGTAAAGGGCDYGYAGGCGGTBNGTCRMGTCMGBYGTGAAAGSCHVKSGCTTAACKSYGGGHSTTGCVSYGGGTACGGGCDGRCTDGAGTGCGGYAGRGGVGRVTGGGAAYBCBNBGTGTARCGGTGRAATGYGYAGATATVNGGARGAACACCRRTGGGCGAARGCRGGRSTYNCTGGBYYKKHACTGACGCTSAGRMDCGAAAGCRHGGGGKAGCRAACAGG,Bacteria,Actinobacteria,Actinobacteria,Bifidobacteriales,Bifidobacteriaceae,Bifidobacterium,dentium
TCTATACTATGGAGGCGTGAGGAATMTTSSDCAATGGRSGVRRASYCTGAHSSAGCVAHGYMGCGTGVRKGAWGGAMGKHYYTMYGGDWYGTAAASYBCTKTYGRBHHKVGAVKAAVVGVNDNNBNBDNKNVHHDNNHNNBNNNDTGMMBKKWHNSWDVHSARDAAGSVMCGGCTAAYTMCGTGCCAGCAGCCGCGGTAATACGTAGGKYSCRAGCGTTRTCCGGAWTTACTGGGCGTAAAGAGCTCGTAGGTGGTGTGTCGCGTCGTCTGTGAAAATTCCGGGGGCTTAACTCCGTGGCGTGCAGGCGATACGGGCACGACTAGAGTGCTGTAGGGGTAACTGGAATTCCTGGTGTAGCGGTGAAATGCGYAGATATHWGGGAGGGAACACCGRTGGGCCGARRGCRGSGTYWCTGGGNGYNGTWACTGACGCTGAKRMKCGAAAAGCRYGGGKGAGCRAACARSRGGGATTWRGATACCCCYGGGTAG,Bacteria,Actinobacteria,Actinobacteria,Corynebacteriales,Corynebacteriaceae,Corynebacterium,durum
HTTSSDCAATGGRSCGVRASYCTGAHSSAGCVAHGYMGCGTGMRKGAWGAMNGYYYTAHGGRTYGTAAASYKCTKTYRNHNGKGRMKAANRNBNBBNDBNBKRVNAVBNDBVNNNNDWAGTGMMKGTABCNDVHBARDAAGSVHCGGCTAAYTMCGTGCCAGCAGCCGCGGTAATACGKARGRKSCRRGCGTTATCCGGATTTATTGGGYKTAAAGSGWGCGYAGGYKGYYBRDTAAGTSWGHDGTKAAANSYKRDSGCTCAACSWYYRRYYYGCHKYKSAAACTGBYDRRCTTGAGTKCRSHRRVSGHRRGYGGAATTCSWBGTGTAGCGGTGAAATGCDTAGAKATNWSGMRGGAACDCCRRYKGCGAARGGCRGCYYDCBRKNVYTRHDACTGACRCTKARGCWCGAAGRGYSYGGGGGKAKCRAACAGGGATTAGRWWMCCCYGGGTAG,Bacteria,Bacteroidetes,Bacteroidia,Bacteroidales,Porphyromonadaceae,Porphyromonas,gingivalis
MTTSSRCAATGGRSGVAASYCTKAYSSAGCRACGCCGCRTGMGKGAWGRAGKHYTTCGGDWYGTRAASCKCTDTYRNHMRKSRDSMANSHBYDHSHSWKKRKDAASTWBRYRBRDTAGAGASKGTASYKDDNNARDAAGSVMCGGCTAACTACGTGCCAGCAGCCGCGGTAATACGTAGGKSSCRAGCGTTRTCCGGAWTTATTGGGCGTAAAGCGAGCGCAGGCGGTTWGATAAGTCTGAAGTKAAAGGCAGTGGCTCAACCATTGTAGGCTTTGGAAACTGTTTAACTTGAGTGCARRAGGGGAGAGTGGAAYTCCATGTGTAGCGGTGAAATGCGTAGATATATRGGAGGAACACCRGTGGCGAAAAGCGGCTCYCTGGYYTGTMACTGACGCTGAGGCTCGAAAGCGTGGGGKAGCRRAMMAGGGATTAGGATACCCTGGGTAG,Bacteria,Firmicutes,Bacilli,Lactobacillales,Streptococcaceae,Streptococcus,constellatus
ACGCTCGACAGAGCCAGCAGTGAGGAATMTTSSDCAATGGRSSVRRASYCTGAHSSAGCVAHKYHGYGTGHRBGAWTGGAMGKHYYTTMYGGDWYGTAAAVYDCTDTYGRNHNRDSRVKAWNVNNNNBBDBDBNRVHWNNNNVNNNNNDWGMMAKGTANYGNDVNBARDAAGBVMCGGCTAAHTMCGTGCCAGCAGCCGCGGTAATACGKADGKBVCRRGCGTTRTCCGGAWTTAYTTGGGCGTAAAGSGMRYSYAGGYGGYYTWBDTAAGTCTGRWGTKAAARBSYVBGGCTYAACCNYGDGWRBKKTCDTTTGGAAACTGBDWRRCTWGAGTRYWRRAGRGGWRAGYGGAAYTMCWWGTGTAGMGGTCGAAATKCGTAGATATDWGKAGGAAYRCCRRGWGGSGGAARSCRRYTYHCTGGNYDRHWAACTGACGYTRARGYKCGAAAGCKWGGGGGKAGCRAACARGGRWTWRGRWWMMYSBBRGTAG,Bacteria,Fusobacteria,Fusobacteriia,Fusobacteriales,Fusobacteriaceae,Fusobacterium,NA
MTTSSRCAATGGRSGMAASCCTGAYSSAGCVAMGCCGCGTGMRKGAWGRAGGYYTTACGGRTYGTAAASYKCTKTYRHHVRKGAARHSAABVHDNDDVDBDBDDRYARYRCWHHNBRDTGASRGTASYNDDHVARDAAGCVMCGGCTAACTACGTGCCAGCGAGCCGCGGTAATACGTAGGKSGCRAGCGTTRTCCGGAATYATTGGGCGTAAAGGGMGCGCAGGCGGSCNKGTAAGTCTKWCTTAAAAGTKCGGGGCTYAACCCCGTGATGGGAKRGAAACTRYYGRTCTCWGAGTAYMGGAGAGGAAAGCGGAATTCCYAGTGTAGCGGTGAAATGCGTAGATATWDGGGARGAACACCRGTGGCGAARGCGGCYYTYTGGHCKRHAACTGACRCTGAGGCKCGAAAGCBWGGGDGAGCRRAMVGGGATTAGGATACCCCCGGGTAG,Bacteria,Firmicutes,Negativicutes,Selenomonadales,Selenomonadaceae,Selenomonas,sp._HMT_136
CTTCSRCAATGGRCGVAAGYCTGAYSGAGCAACGCCGCGTGAGKGAWGAMGGYYTTCGGRTYGTAAAVCTCTGTTRKHRGDGAAGAAVGRKWKWKRBAGWARAMWGKYMWHDMTKTGACGGTAHYYRAMSAGAAAGYSACGGCTAACTACGTGCCAGCAGCCGCGGTAATACGTAGGTGGCRAGCGTTGTCCGGATTTATTGGGCGTAAAGCGAGCGCAGGCGGWDDRATAAGTCTRATGTGAAAGCCCWCGGCTYAACCGWGGAAYTGCATCGGAAACTGKBWWWCTTGAGTGCAGAAGAGGASAGTGGAACTCCATGTGTAGCGGGTGGAATGCGTAGATATATGGAAGAACACCAGTGGCGAAAGGCGGCTSTCTGGGTCTGYAACTGACGCTGAGGGCTCGAAARCRTGGGGGKAGCRAACAGGRWTWGAKAYMCCYGGGTAG,Bacteria,Firmicutes,Bacilli,Lactobacillales,Lactobacillaceae,Lactobacillus,ultunensis
MTTSSRCAATGGARSGVAASYCTGAYSSAGCVAYGCCGCGTGMRBGAWGRMGKYYTTACGGRWYGTAAASYKCTKTYRBHNRNGRDSAAVVNDBKYBDKDBBRRHDNNNDVDNDNDKTGASGKTAVYNDVHNARRAAGSVMCGGCTAACTMCGTGCCAGCAGCCGCGGTAATACGTAGGGYGCGAGCGTTGTCCGGAATTATTGGGCGTAAAGGGCTTGTAGGCGGTTKGTYGCGTCTGCCGTGAAATCCTCTGGCTTAACTGGGGGCAKTGCGGTGGGTACGGGCWGRCTTGAGTGCGGTAGGGGAGACTGGAACTCCWGGTGTAGCGGTGRAATGCGYAGATATMWGGARGAACACCGRTGGGCGAARGCGGSTYTCTGGDGYYRWWACTGACGCTGAGGMKCGAAAGCGTGGGGGAGCRAACARGGATTAGGATACCCYCGGGTAG,Bacteria,Actinobacteria,Actinobacteria,Actinomycetales,Actinomycetaceae,Actinomyces,lingnae_[Not_Validly_Published]
MTTSSRCAATGGRSSVAAASYCTGAYSSAGCVAYKYYGYGTGHRBGAWGAMGKYYYTTCGGDWYGTAAASYDCTKTYRDHNGNGRVKAANNNNNNNNDNNBDRVWHNNNNNNNNNDDTGAMGKTANCDDVVBARDAAGSVMCGGCTAAMTMCGTGCCAGCAGCCGCGGTAATACGTAKGKBSCRAGCGTTRTCCGGAWTTATTGGGCRTAAAGGGCATCTAGGCGGCCTWHCAAGTCAGRGGTGAAAACCTGCGGCTCAACCGCAGGCCTGCCTTTGAAACTGRYAGRCTGGAGTACCGGAGAGGTGGACGGAACTGCACGAGTAGAGGTGAAAATTCGTAGATATGTGSAGGGAATRCCGATGRYGAAGRYAGYTCWCTGGGACDKBAACTGACGCTGARGTKCGAAAGCBDGGGGGAGCRAACGMRGGAWTWRGATACCCCYGGGTAG,Bacteria,Fusobacteria,Fusobacteriia,Fusobacteriales,Leptotrichiaceae,Leptotrichia,sp._HMT_215
MTTSSRCAATGGGRCSGVAASYCTGAYSSAGCRAYGCCGCGTGMRKGAWGRMGGCHYTTCGGDTYGTAAAVYKCTKTYRNHVRDSRHSAANVVNNHBBNNYCAWTNDBDRVWMNBHHNDNRHNDTGASGGTACNYKDVHBARRAAGSVMCGGCTAACTACGTGCCAGCAGCCGCGGTAATACGTAGGKSSCRAGCGTTGTCCGGAWTTATTGGGCGTAAAGSGCGCGCAGGCGGMTYVKTMAGTCTGTCTTAAAAAGTKCGGGGCTTAACCCCGTGATGGGATGGAAACTGSBRAKCTCAGAGTAYCGGAGAGGAAAGYGGAATTCCWWGTGTAGCGGTGAAATGCGTAGATATAWWGGAGRGGAACACCRGTGGGCGAARGCGGRACTYWCTGGNYBARHAAACTGACGCTGAGGGCKCGAAAGCSCWDGGGDAGCRAACRGGGATTAGGATACCCYCGGGTAG,Bacteria,Firmicutes,Negativicutes,Veillonellales,Veillonellaceae,Megasphaera,micronuciformis
MTTSSDCAATGGRSGVRASYCTGAHSSAGCVAMGYHGCGTGMRBGAWGAMGGYYTTAYGGRTYGTAAASYKCTKTYRDHHGDSAMKAANRDBNRYSWKRSDRRWMRNDHNVVDNWDTGMMGGTAYCDKMNBARDAAGSVMCGGCTAAMTACGTGCCAGCAGCCGCGGTAATACGTAKGKSSCRAGCGTTGTCCGGAWTTATTGGGCGTAAAGCGVGCGCAGGCGGWTYKDYVAGTCTGHCKTDAAAGBYYGKGGCTYAACCVBGKGHGTGSDDTGGAAACTRBMRADCTAGAGTRYVGDAGRGGAAAGTGGAATTCCWWGTGTAGCGGTGAAATGCGTAGATATHWGGARGAACACCRGTGGCGAARGCGRSTYDCTGGDCKRWMACTGACGYTGAGGMKCGAARGCSWGGGGRRSSRAACRGG,Bacteria,Firmicutes,Negativicutes,Veillonellales,Veillonellaceae,Veillonella,sp._HMT_917
AGTATACATAGGGCAGCAGTAGGGAATMTTSSDCAATGGRCSRVAASYCTGAHSSAGCVAHKYHGYGTGMRBGAWGAMGKCHYTWYGGDWYGTAAASYKCTDTYRKHDGRGARKAANDNNNBDNVBDKDDDAVWGYTNNSNNWDTGMMKGTAHCHDVHBARDAAGSVMCGGCTAAHTMCGTGCCAGCAGCCGCGGTAATACGTAKGKBSCRAGCGTTRTCCGGAWTTAYTGGGCRTAAAGGGCAYSYAGGCGGCCAGATAAGTCCGAGGTGAAAACTGCCGGCTCAACCAGCAGCTTGCCTTGGAAACTACCTGGCTAGAGTATTGGAGAGGTGGACGGAACTACACGAGTAGAGGTGAAATKCGTAGATATKDGKAGGGAAYRCCGRTGRYGAAGRYRGYTYWCTGGAYRRHAACTGACGCTGARGYKCGAAAGCKWGGGGGAGCGRAACARG,Bacteria,Fusobacteria,Fusobacteriia,Fusobacteriales,Leptotrichiaceae,Leptotrichia,sp._HMT_218
HTTSSRCAATGGRSGVAASYCTGAYSSAGCVAYGCCGCGTGDRKGAWGAMRSYYTTCTGGRKYGTAAASYHCTKTYRKHNGVRAMBAAVVVVHGBNDNDBBDVDHNNNNNNBNNNDTGAVGGTANCBDMMBARDAAGSVHCGGCTAACTMCGTGCCAGCAGCCGCGGTAATACGKAGGKKGCRAGCGTTRYYCGGAATYAYTGGGCGTAAAGGACGCGTAGGCGGATTATCAAGTCTCTTGTGAAATCTAACGGCTYAACCGTTAAACTGCTTGGGAAACTGATAATCTAGAGTAAGGGAGAGGMAGRTGGAATTCYTRGTGTAGSGGGTRAAATSCGTAGATATYWRGARGAAYACCDRTKGCGAAGGCGRYYYKCTGRGMMBDWAACTGACGCTRAKGCGYGAAAAGCSWGGGGGGAGCRAMMRGG,Bacteria,Proteobacteria,Epsilonproteobacteria,Campylobacterales,Campylobacteraceae,Campylobacter,gracilis
MTTSSDCAATGGRSGVAASYCTGAHSSAGCVAHKYMGCGTGVRKGAWGAMRSYYYTAYGGRKYGTAAASYBCTKTYVKHDGRRRAKAANNNDDNBGAKWKTRNHHRDNWVVNDNDDTGMMGGTAYYHWMBSARDAAGSRMCGGCTAAMTMCGTGCCAGCAGCCGCGGTAATACGGAGGGTGCAAGCGTTACTCGGAATCACTGGGCGTAAAGGACGCGTAGGCGGAKTATCAAGTCYSTTGTGAAATCTAACGGCTTAACCGTTAAACTGCTTGRGAAACTGATARTCTAGAGTAAGGGAGAGGCAGRTGGAATTCYTRGTGTAGGGGGTRAAATSCGTAGAKATYARSARGAAYACCBRTKGCGAARGCGRYYYKCTGGGRMYKYAACTGACGCTRAKGCKYGAAAGCGTGGGGGGAGCGRAMMVGG,Bacteria,Proteobacteria,Epsilonproteobacteria,Campylobacterales,Campylobacteraceae,Campylobacter,rectus
MTTSSRCAATGGRSGVAGASYCGTGAYSSAGCRAYGCCGCGTGMRBGAWGAMGKHHTTTCGDDWYGTAAAVYKCTDTHVNHNGRGAMGADVVRSHKTBWKDBKRRWARDYHNRVDVWDTGACRGTAHCGNDVVNARRAAGSVMCGGCTAAMTACGTGCCAGCAGCCGCGGTAATACGTAGGGKGCRAGCGTTRTCCGGAWTWACTGGGCGTAAAGGGHGCGCAGGYGGTBWRDYAAGTYWGWNGTKAAAGBCHKDGGCTYAACCVWWGTAMGCYWTKRAAACTRTTTAACTTGAGTGCARGAGRGGARAGTGGAATTCCWDGTGTAGCGGTGAAATGCGTAGAKATDWGGAGGAAYACCRRWGGCGAARGCRRSYYYYTGGGNHDDNWACTGACRCTSAKRHDCGAAAGYVWGGGGGAGCRAACRGG,Bacteria,Firmicutes,Clostridia,Clostridiales,Peptostreptococcaceae_[XI],Filifactor,alocis
HTTSSDCAATGGDSCGVRASHCTGAHSSAGCVAHGYMGCGTGMRKGAWGAMKGYYYTMTGGRTYGTAAASYKCTKTYRBHNGDGAAKAANRDBDVBBWSRNKKRNMNBBNNVBNNDDTGMMKGTABYNDVHSARWAAGSVHCGGCTAAYTMCGTGCCAGCAGCCGCGGTAATACGKAGGRTSCGAGCGTTATCCGGAATCATTGGGTTTAAAGGGTCCGTAGGCGGGCTAATAAGTCAGAGGTGAAAGCGCTCAGCTCAACTGAGCAACTGCCTTTGAAACTGTTAGTCTTGAATGRTTGTGAAGTAGTTGGAATGTGTAGTGTAGCGGGTGAAATGCKTAGATATHASRMRGAACWCCGRTDGCGAAGGCRKMTTWCTRRMVWKYWAYTGACGCTGADGSGWCGAARGGCYGYGGGKKAKGCRAACAGGGATTAGRWWMCCCYGGGTAG,Bacteria,Bacteroidetes,Flavobacteriia,Flavobacteriales,Flavobacteriaceae,Capnocytophaga,leadbetteri
HTTSSNCAATGGRBGVRASYCTGAHSSAGCVAHKYMGCGTGHVKGAWGAMGGYYYTAYGGRTYGTAAASBDCTKTYRDNNDNSRVKAAYRRKKSWDNBNNNNNWMDNBHVNBNNDNTGHMKKTANBNNMHBARDAAGSVMCGGCTAAYTMCGYGCCAGCAGCCGCGGTAATACGKARGDYSCRRGCGTTATCCGGAHTTATTGGGYTTAAAGGGTSCGTAGGCGGRTTVHTAAGTCAGHGGTKAAAKNBNRTRGCTCAACYATSNAWYTGCCDTTGAWACTGRBVDTCTTGAGTRYAKDYRRRGWWVYYGGAATWMGTRGTGTAGCGGTGAAATGCDTAGATATBWSDHDGAAYWCCRAWNGCGAAGGCAGGSBBHYYRRSMDDBWAYTGACGCTSAKRBGDCGARAGYGYRGGKGAKCRAACAGGATTAGATACCCCCGGGTAG,Bacteria,Bacteroidetes,Flavobacteriia,Flavobacteriales,Flavobacteriaceae,Bergeyella,sp._HMT_206
MTTSSDCAATGGRSGVRASYCTGAHSCAGCMAHGYMGCGTGMRKGATNGAMGGYYYTAYGGRTYGTAAASYKCTKTYRKDNGDGRAKAAVRHBTGTKAGWRDBBAMRBKTVVBHNGDDTGMMKGTASYDBMHSARDAAGSRMCGGCTAAYTMCGTGCCAGCAGCCGCGGTAATACGGARGGTBCRRGCGTTATCCGGATTTATTGGGTTTAAAGGGAGCGTAGGCYGGGGATTAAGTGTGTTGTGAAATGTAGGCGCYCAACGTCTGAYKTGCAGCGCATACTGGTYCCCTTGAGTRCGCGCAACGCCGGCGGAATTCGTCGTGTAGCGGTGAAATGCTTAGATATGACGAAGAACYCCCRATTGCGAAGGCAGCYGRCGGGGGAGCGYAACTGACGCTKARGCTCGAARGGYGYGGGGKAKCRAACAGG,Bacteria,Bacteroidetes,Bacteroidia,Bacteroidales,Prevotellaceae,Prevotella,denticola
TACAGATCGTGGAGGCAGTAAGGAATHTTSSDCAATGGRCSVRRAGYCTGAHSSAGCVAHKYHGYGTGHVBGAWGGRMKKHYYTWYGGDWYGTAAAVBDCTKTYRNHNDNGRHBMANVNNNNNNNNRVDRRHWDNDNNNNNNNNWGMVKGTABCBNDVHNARDAAGBVHCGGCTAAHTMCGTGCCAGCAGCCGCGGTAATACGKAGGKBSCRAGCGTTRWYCGGAWTTAYTGGGCGTAAAGSGAGCGCAGRCGGTTACTTAAGCAGGATGTGAAATCCCCCGGGGCTYAACCTGGGAACTGCGTTCTGAACTGGGTGACTAGAGTGTGTCAGGAGGGAGGTAGAATTCCACGTGTAGCAGTGAAATGCGTAGAGATGTGGAGGAATACCGATGGCGAAAGGCAGCCTCCTGGGGATRAMACTGACGYTCATGCTCGAAAGCGTGGGGGKAGCRAACAGGGATTAGATACCYMSKRGTAG,Bacteria,Proteobacteria,Betaproteobacteria,Neisseriales,Neisseriaceae,Neisseria,cinerea
MTTSSDCAATGGDSGVRASHCTGAHSSAGCVAHGYMGCGTGMRKGAWGAMKGYYYTAYGGRTYGTAAASYKCTKTYGRKVWGDGRRKAAHRDBDNKBRBDNDDDAVMVYTVVNDNDDTGMMGGTAHYWDMHSARDAAGSRHCGGCTAAYTMCGTGCCAGCAGCCGCGGTAATACGGAGGRTGCGAGCGTTATYCGGAATCATTGGGTTTAAAGGGTCTGTAGGCGGGCTATTAAGTCAGGGGTGAAAGGTTTCAGCTTAACTGAGAAATTGCCTTTGATACTGGTAGTCTTGAATATCTGTGAAGTTCTTGGAATGTGTAGTGTAGCGGTGAAATGCTTAGATATDACRMAGAACACCGATTGCGRGAGGCAGSKSGWCTRRSWKRYRAYTGACGCTGARRSWCGAAAAGSSKGKGGGGKAGAGCGRAACARGATTAGRWWMCCCYGGGTAG,Bacteria,Bacteroidetes,Flavobacteriia,Flavobacteriales,Flavobacteriaceae,Capnocytophaga,granulosa
MTTSSRCAATGGRSGVAASYCTGAYSSAGCMAHGYCGCGTGARKGAWGAMGGCHYTWCGGDTYGTAAAVYTCTKTBRWHVRDSAMGAANRDBHDYKRKNBTNBDANNWDYDNRVHSNMDWGACGGTANYKDRMNARVAAGSSMCGGCTAACTACGTGCCAGCAGCCGCGGTAATACGKAGGKSSCRAGCGTTRTCCGGAWTTATTGGGCGTAAAGCGMGCGCAGGCGGMTWSSYMAGTCYVKMKTWAAAAGKBYGKGGCTTAACCCCGTGATGGGAWGGAAACTGSSRAKCTRGAGTATCGGAGAGGAAAGTGGAATTCCTAGTGTAGCGGTGAAATGCGTAGAKATTAGGAAGAACACCRGTGGCGAARGCGRCTYTCTGGMYKRHAAACTGACGCTGAGGGCKCGAAAGCSWGGGGGGAGCRAACRGG,Bacteria,Firmicutes,Negativicutes,Veillonellales,Veillonellaceae,Dialister,invisus
MTTSSRCAATGGRSGVAASYCTGRYSSAGCRACGCCGCGTGRGKGAWGAMGKNYTTCGGNWYGTAAASCYCTRTYRKHRGDSAAGAABRRVTGTDDRDGYRGWAASTDHMCWYWGWADWGRCRGTANYYDMHBARRAAGBSVCGGCTAACTACGTGCCAGYAGCCGCGGTAATACGTAGGDSSCRAGCGTTRTCCGGATTTATTGGGCGTAAAGCGAGYGCAGGCGGYTCGATAAGTCTGATGTGAAAKCCYTSRGCTYAACYKRRGAATTGCATYMGAWACTGKSRAGCTWGAGTRYRGRAGAGGAKRGTRGAAYTCCAKGTGTRGCGGTGAAATGCGTAGAKATMTGGRRRAAYACCGRTGGCGAARGCRGCYMYCTGGYCTRWWACTGACGCTGAGGGYWCGAAAGCRTGGGGKAGCRAACAGG,Bacteria,Firmicutes,Bacilli,Lactobacillales,Lactobacillaceae,Lactobacillus,iners
WCGAYYACRKRGASKMRGSRSAGTRGGGAATHTTSSDCAATGGRSGVRRASYCTGAHSSAGCVAHKYHGYGTGHVBGAWGRMKKHYYTMTGGDWYGTAAASBNCTKTYRNHNDNVRNBMWNVNNNNNNDKDBBHHNHNNNNNNNNNNNVCACTNWGMVKKTANNNDVGTNNARDAAGSVHCGGCTAAHTMCGTGCCAGCAGCCGCGGTAATACGKRKGKBSCRAGCGTTRWYCGGAWTWAYTGGGCGTAAAGSGMDYGYAGRCGGHBDBDYMAGYVDGDHKTDAAAKBYYSCBRGCTYAACYCNBRKDNBKGSDDTBSRDACTGBBDVDCTWGAGTRYNDDAGRGRRRRGTRGAATTCCWNGTGTAGCRGTGRAATGCGYAGAKATNWGGGARGGAAYACCRRWGGCGAARGCRRSYYYYTGGNHGDDDHACTGACGYTSAKGYKCGAAAGCSCWGGGKGAGCRAACRVRGATTAGGATACCCCCGGGTAG,Bacteria,Proteobacteria,Gammaproteobacteria,Pasteurellales,Pasteurellaceae,Haemophilus,NA
MTTSSDCAATGGADBGNRAVHCTGAHSSAGCVAHGYMGCGTGMRKGAWGAMKGBYYTWYGGRWYGTAAASYKCTKTYRBNNGRGAVBAWVRWNNRDBHSNDDDRNNDSHHNWHRHNDTGMMKGTANNDDVNNARDAAGSNHCGGCTAAHTMCGTGCCAGCAGCCGCGGTAATACGKAKGRYDCRAGCGTTATCCGGATTTATTGGGTTTAAAGGGTGCGTAGGYGGVCTGDTAAGTCMGHGGTGAAAGYTYGKMGCTTAACKMYRHAATTGCCRTTGAAACTGBYRGTCTTGAGTRTHGRTGARGTAGGYGGAATGCGTRGTGTAGCGGTGAAATGCDTAGAKATVWSGMRGAACWCCGRTNGCGAARGGCRGCYBWCKRRVDGYRBWACTGACRCTNARGCWCGAARGYGYGGGGGKAKCRAACAGGATTAGATACCCCCGGGTAG,Bacteria,Bacteroidetes,Bacteroidia,Bacteroidales,Porphyromonadaceae,Tannerella,forsythia
ATTGGACAATGGGCGMAAGCCTGATCCAGCCATGCCGCGTGTGTGAAGAAGGYCTTMGGRTTGTAAAGCACTTTMAGKKGKGAGGAAGGRYRKTWRVYTAATAYBYDRNYRTTTTGACGTTASCSMCAGAAKAAGCACCGGCTAACTCTGTGCCAGCAGCCGCGGTAATACAGAGGGTGCAAGCGTTAATCGGAATTACTGGGCGTAAAGCGCGCGTAGGTGGTTYGTTAAGTYGRATGTGAAATCCCMGGGCTCAACCTKGGAAYKGCAYYCRAWACTGRCDRRCTAGAGTATGGTAGAGGGKDGTGGAATTTCCTGTGTAGCGGTGAAATGCGTAGATATAGGAAGGAAYAYCRRWGGCGAAGGCRRCHMCYTGGRMWDRTACTGACRYTSAKGTGCGAAAGCGTGGGGGAGCAAACAGG,Bacteria,Proteobacteria,Gammaproteobacteria,Pseudomonadales,Pseudomonadaceae,Pseudomonas,fluorescens
ATTGGTCAATGGGCGRRAGCCTGAACCAGCCAAGTCGCGTGAAGGANGACGGTTCTATGGATTGTAAACTTCTTTTGTRGAGGAATAAYGGYRGYTACGHGTAGCTGAGATGCATGTACTCTRCGAATAAGTATCGGCTAACTCCGTGCCAGCAGCCGCGGTAATACGGAGGATACGAGCGTTATCCGGAATTATTGGGTTTAAAGGGTGCGTAGGTGGYBWRTTAAGTCAGTGGTGAAAARCTGCAGCTCAACTGTAGTCTTGCCGTTGAAACTGATRTGCTAGAGAGGAGACGAGGTATGCGGAATGTGTGGGTGTAGCGGGGTGAAATGCATAGATATBASRMRGAACDCCGATKGCGAAGGCAGCKTACYRGRMBVCRWCTGGACRCTGARGGCWCGGAARGYGTGGGGRGAKCRAACASRRTTAGATACCCCCGGGTAG,Bacteria,Bacteroidetes,Bacteroidia,Bacteroidales,Porphyromonadaceae,Porphyromonas,endodontalis
ACGAGTGCGTGGAGCAGCAGTGGGAATMTTSSDCAATGGDBGVRASHCTGAHSSAGCMAHSYMGCGTGMRKGAHGAMKGYYYTMTGGRTYGTAAASYKCTKTYRKWDRVGRRKAANVHBDNBBWKDBKRRWMRDBWVVBDNDNTGMMKKTAHYHWMHSARDAAGSRHCGGCTAACTMCGTGCCAGCAGCCGCGGTAATACGGARGGTSCRRGCGTTATCCGGATTTATTGGGTTTAAAGGGWSCGTAGGYGGRYTGATAAGTCAGMGGTGAAATCCTGYAGCTTAACTRTAGAACTGCCKTTGATACTGTTWGHCTTGAGTGTAKWTGARGTGGSTGGAATWMGTWGTGTAGCGGTGAAATGCRTAGATATHWSKWRGAACWCCRRTKGCGAAGGCRGSGTBWCBRRKVYRYAACTGACGCTGARGGSWCGAAAGYVBGGGKGAAKCRAACAGGGATTAGRWWMCCCCGGGTAG,Bacteria,Bacteroidetes,Flavobacteriia,Flavobacteriales,Flavobacteriaceae,Bergeyella,sp._HMT_322
ACAGTATATAGGAGGGCAGTAGGGAATMTTSSDCAATGGRSGVRASYCTGAHSSAGCMAMGYMGCGTGMRKGAWGAMGGYYCTWYGGRTYGTAAASYKCTKTTRKDHGRGRAKAAVRWBHDKBASRKKNRNHDDBTVHBNNWDTGMMKGTAYCDBMHSARWAAGSRMCGGCTAAYTMCGTGCCAGCAGCCGCGGTAATACGKARGKYYCDRGCGTTATCCGGATTTATTGGGTTTAAAGAAGCGAAAGGAGCGTAGGCCGTGGATTAAGCGTGTTGTGAAATGCAGGTGCTCAACGTCTGCACTGCAGCGCGAACTGGTYCACTWGAGTGTGCRCAACGCAGGCGGAATTCGTCGTGTAGCGGTGAAATGGCTTAGATATDASGAAGAACWCCGRTKGCGAAGGCAGCYKDCGKGGGRSYRYAACTGACGCTKARGCWCGGAARGYGYGGGGGKAKCRAACAGGGATTAKRWWMCYCYSGGTAG,Bacteria,Bacteroidetes,Bacteroidia,Bacteroidales,Prevotellaceae,Prevotella,oris
MTTSSDCAATGGRBGVRASYCTGAHSSAGCVAHKYMGCGTGVRKGADGAMRBHYYTMYGGDDYGTAAASYBCYDTYRKNNDKGRRKAARVHDRVKSWSKYRWBVSTACATCWDNHTGHMDKTAMHDNMHKARDAAGSVCCGGCTAAYTMCGTGCCAGCAGCCGCGGTAATACGGAGGGTGCRAGCGTTAMTCGGAATMACTGGGCGTRAAGGRCRCGYAGGCRGWKWMTYAAGTSHSKTGTGAAAKCYHVBGGCTTAACCRYTAAACTGCTTGGGAAACTGATARTCTAGAGTAAGGGAGAGGCAGATGGAATTCYTRGTGTAGSGGTRAAATSCGTAGAKATYARGAAGAAYACYDRTKGYGAAGGCGRYYTKCTDGAMSWWAACTGACGYTRAKGCKYGARRGCSWGGGGGAGCRAACRGG,Bacteria,Proteobacteria,Epsilonproteobacteria,Campylobacterales,Campylobacteraceae,Campylobacter,sp._HMT_044
MTTSSDCAATGGRCCGVRAGYCTGAHSSAGCMAMGYMGCGTGMRKGAWGAMGGCYYTHYGGRTYGTAAASYKCTKTTRKDHGRGRAKAACRAGKGYDRDDRDDSAMRKKTVVBWNHKTGHMKGTAYCDHMHSARWAAAGSRMCGGCTAAYTMCGTGCCAGCAGCCGCGGTAATACGKARGKBBCRRGCGTTRTCCGGAWTTATTGGGYKTAAAGSGAGCGTAGGCGGWTTGWTAAGTCWGCRGTKAAAGGSHGKGGCTYAACTCATRSWWYGCYKTKGAAACTGKYDAWCTTGAGTGCAGRMRGRGGGAKRSYGGAATTCSWKGTGTAGCGGTGAAATGCDTAGATATMWSGMRGAACWCCGRTBGCGAARGCRGGSTBWCYRRBGBWRYDACTGACGCTGARGSWCGAAAGYGTGGGGKAKCRAACARG,Bacteria,Bacteroidetes,Bacteroidia,Bacteroidales,Prevotellaceae,Alloprevotella,sp._HMT_914
CDYWDMSKMGBGRRGSSAGCAGTGAGGGAAKMTTSSDCAATGGRSGNRRASYCTGAHSSAGCVAHGYMGCGTGMRKGAHTGAMKKHYYTMYGGDWYGTAAASYKCTKTYRNNNRDGRVKAANNNNNNNNDBRBKRRHWVNNBNNNNNNNTGGHMKKTANYNNVNABARDAAGSVHCGGCTAAYTMCGTGCCAGCAGCCGCGGTAATACGKARGDBBCRRGCGTTRTCCGGAWTTATTGGGYKTAAAGSGMGYGYAGGCBGBDDRWTAAGYSTGWWGTKAAAKKYWGDBGCYYAACVWYDRHMYTGCWKYGSRWACTGKYDNVCTTGAGTRYRSRMRRSGHDRGYGGAATTCVWBGTGTAGCGGTGAAATGCKTAGATATNWSGARGAACWCCRRTKGCGAAGRGCRGSYBDCGBGKGVBBRYWACTGACGCTKARGMDCGAAGRGGTYSYSGGGGGGKKAKCGRGAACARGGATTAGGRWWMCCCYGGGTAG,Bacteria,Bacteroidetes,Bacteroidia,Bacteroidales,Prevotellaceae,Prevotella,NA
MTTSSRCAATGGRSGVAGASYCTGAYSSAGCVAYGCHGCGTGMRKGAHGRAGKYYYTWCGGRWYGTAAASYKCTKTYRKHVVVGRRKVAVGNDTGTDAGWDNRVHHRDBTVVHDNDDTGASKKKANYNDMHNARDAAGSVMCGGCTAAHTMCGTGCCAGCAGCCGCGGTAATACGKAGGKBSCRAGCGTTRTCCGGATTTATTGGGCGTAAAGGGCTCGTAGGCGGTTTGTTGCGTCTGGTGTGAAAGCTTACTGCTTAACGGTAGGTTGCGCTGGATACGGGCAGGCTTGAGTGCAGGTAGGGGAGACTGGAATTCTCGGTGTAACGGTGGAATGYGYAGATATCRGGAAGAACACCKRTGGCGAAGGCRGGTYTCTGGGCYGTTACTGACGCTGAGGAGCGAAAGCGTGGGGGAGCRGAACAGG,Bacteria,Actinobacteria,Actinobacteria,Bifidobacteriales,Bifidobacteriaceae,Scardovia,wiggsiae
MTTSSDCAATGGRSGVAASYCTGAHSSAGCVAMGYMGCGTGMRKGAWGRMGGCYYTWYGGRBYGTRAASYKCTKTTRBHDGKSRRBAAVSHSWRTGAGAGTBNAMRKKKVDBHNDKTGMVKKWASYWNVHSARDAAGSRMCGGCTAAYTMCGTGCCAGCAGCCGCGGTAATACGTAGGGKGCAAGCGTTRTCCGGAWTTATTGGGCGTAAAGSGMKCGYAGGYGGTTYRWYRMGTCTGRTGTGAAAGCCCRCKGCTYAACSGTGGRKKKKCRTTGGAWACKGKYRRRCTTGAGTGCRGBAGRGRARRSTGGAATTCYYRGTGTARCGGTGRAATGYGTAGATATMDGGARGAACACCDRTGGCGAARGSMVRGSTBTCTGGKGCTGTWACTGACGCTGAGGMKCGAAAGCRTGGGGGGAGCGAACAGGGATTAGGATACCCTGGGTAG,Bacteria,Actinobacteria,Actinobacteria,Bifidobacteriales,Bifidobacteriaceae,Parascardovia,denticolens
CTTSSRCAATRGRCGVAAGYCTGAYSSAGCAAYKYCGCGTGARKGAWGAMGSHYTWCGGDKYGTAAAVYTCTKTTDWDVVRGAMGAAHRRBYKYBWKRSKRRHHDKWHVVMVBHDWGACGGTAYBKNAMBARWAAGVSACGGCTAACTACGTGCCAGCAGCCGCGGTAATACGTAGGTCYCRAGCGTTRTCCGGATTTAYTGGGCGTAAAGYGWSCGYAGKCKGAATTGTAAGYCTGTTTTCAAATCCTACGACTCAATCGTAGAAAGGGARTGGATACTGCAATTCTGGAAGTATCTGGGGGGTTAGTGGAATTYCMKGTGKAGCGGTGAAATGCGTWGATATMKGRAGGAACRCCGRWRGCGAAAGCRGCTMWCTRSWSWRTAMYTGACGMTGAGGSGWCGAMAGYKYGGGKAGCAAACAGG,Bacteria,Absconditabacteria_(SR1),Absconditabacteria_(SR1)_[C-1],Absconditabacteria_(SR1)_[O-1],Absconditabacteria_(SR1)_[F-1],Absconditabacteria_(SR1)_[G-1],bacterium_HMT_345
MTTSSNCAATGGRBGNRRVYCTGAMSSAGCMAMGYMGCGTGMRKGAWTGAMGGYYYTMTGGRTYGTAAASYKCTKTTRKDNGRGRRKAANRNNDNBBASRNKKVVNHRYTMRSMNNNTGMMKKTAYCNNHHSARWAAGSRHCGGCTAAYTMCGTGCCAGCAGCCGCGGTAATACGKARGDYNCRRGCGTTATCCGGAWTTATTGGGTTTAAAGGGAGYGTAGGCGGYYBVTTAAGCGTGTTGTGAAATYTWSNKGCTCAAACHKBKRVCTTGCRGYGSGWACKGGCBGACTTGAGTGCRSKMRRSGTAWSYGGAAYTCMTGGTGTAGCGGTGRAATGCKYAGATATMWKGAVGAACWCCGRTKGCGAARGCRGSDYWCKGGGVBYGTWACTGACGCTKARGMKCGAARGYGYGGGGKAKCRAACAGGGATTAGGATACCCCYGGGTAG,Bacteria,Bacteroidetes,Bacteroidia,Bacteroidales,Prevotellaceae,Prevotella,intermedia
MTTSSDCAATGGDSGVRASHCTGAHSSAGCVAMGYMGCGTGMRKGAWGAMDGYYYTMTGRRTYGTAAASYKCTKTTRKHHRDSRRKAAVRDDDRDSAKWGYKRAAMGHKYVHYDHWKTGMMDKTABYDBMHSARWAAGSRHCGGCTAAYTMCGTGCCAGCAGCCGCGGTAATACGKARGRYSCRRGCGTTRTCCGGAWTTATTGGGYKTAAAGSGWGCGYAGGCGGTWWKAYAAGTCWGRRGTKAAAKBYTGGKGCTTAACMWTARWAATTGCYTTKGAAACTGTKKWACTTGAGTGYARRAGRGGWRRGYGGAATKYSWTGTGTAGCGGTGAAATGCRTAGATATNWSRMRGAACHCCCGRTKGCGAARGGCRGCTYWCKRKHVYRYAACTGACGCTGADGCWCGAARAGYGYGGGKRGAKCRAACAGG,Bacteria,Bacteroidetes,Bacteroidia,Bacteroidales,Bacteroidales_[F-2],Bacteroidales_[G-2],bacterium_HMT_274
MTTSSRCAATGGRSCGVAASYCTGAYSSAGCRACGCCGCGTGARBGADGAMGGYYTTCGGRTYGTAAASYTCTKTBRNTCWHGDVAVRRRMGRNWDWRWDRKKRRWAABNWNAVRBWKTGACGGTABBKDMMVARVAAGSSMCGGCTAACTACGTGCCAGCAGCCGCGGTAATACGTAGGKSGCRAGCGTTGTCCGGAATTATTGGGCGTAAAGCGCGCGCAGGCGGYTTSTTAAGTCYRHHKTDAAAGSSTGGGGCTCAACCCYAKKWBTGSDDTGGAAACTGGGAAGCTGGAGTATCGGAGAGGAAAGTGGAATTCCTAGTGTAGCGGTGAAATGCGTAGAGATTAGGAAGAACACCSRGTGGCGAAGGGCGRCTTTCTRGACKRMAAACTGACGCTGAGGCKCGAAAGCSWGGGGGAGCRAACRRG,Bacteria,Firmicutes,Negativicutes,Veillonellales,Veillonellaceae,Dialister,pneumosintes
MTTSSRCAATGGRSSVRRASYCTGAYSSAGCVAYKYYGYGTGMRBGAWGAMGKCYYTTCGRRWYGTAAASYKCTKTYRNHWGDSARGAAVRVVNDKVNBDBDRRWARDYDSDNDSDDTGACGGTANCWDGGTMMBARRAAGBVMCGGCTAAMTMCGTGCCAGCAGCCGCGGTAATACGKAKRKYSCRAGCGTTRTCCGGAATTATTGGGCATAAAGGGCATCTAGGCGGCCCTGTAAGTCTAGGGTGAAAACCTGCGGCTYAACCGCAGGCCTGCCCCGGAAACTACAGGGCTAGAGTGCTGGAGAGGTGGACGGAACTGCACGAGTAGAGGTGAAATTCGTAGATATGTGCAGGGAATGCCRATGATGAAGATAGTTCACTGGACGGYAACTGACGCTGARGYKCGAAAGCKWGGGRGAGCRAACAGGATTAGATACCCCYGGGTAG,Bacteria,Fusobacteria,Fusobacteriia,Fusobacteriales,Leptotrichiaceae,Leptotrichia,shahii
MTTSSRCAATGGRCSGVAASYCTGAYSSAGCVAYGCCGCGTGMRBGAWGRMGKTYYTTCGDRWYGTAAAVYKCTKTYVDHNGRGAMGAANNRSHDBBHDRSDRDWMDBKDNNNNVDDTGABDGTAYCDDNVNARNAAGSVMCGGCTAAMTACGTGCCAGCAGCCGCGGTAATACGTAKGKSGCRAGCGTTRTCCGGAATTATTGGGCGTAAAGAGTGCGTAGGTGGTTACCTAAGCGCAAGGTTTAAATTAGAGGCTCAACCTYTACATGCCTTGCGAACTGGGCTACTTGAGTGCAGGAGGGGARAGYGGAATTCCWWGTGTAGCGGTGAAATGCKTAGATATNWSGARGAACWCCGRYKGCGAARGCRRGCTYWCBGGGNNNRYWACTGACRCTKARGCDCGAARGYGYGGGGKAKCRAACAGG,Bacteria,Firmicutes,Clostridia,Clostridiales,Peptostreptococcaceae_[XI],Mogibacterium,timidum
AGCGTCGTCTGGAGGCAGTGGGGAATMTTSSRCAATGGRSGVGAGASYCTGAYSSAGCVAYGCCGCGTGVRKGAWGAMGKYHYTTCGGDWYGTAAASYBCTKTYRNHMRDGAHGAAVVVVBDBBWBNBGTKDDDRNBYHNVNRNDDTGACGGTAVCYTDVNBARDAAGSVMCGGCTAACTACGTGCCAGCAGCCGCGGTAATACGTAGGKBGCRAGCGTTRTCCGGAATTAYTGGGCGTAAAGAGCTCGTAGGTGGTTTGTTGCGTCGTCTGTGAAATTCCGGGGCTTAACTTCGGGGATGGCAGGCGATACGGGCATAACTAGAGTGCTGTAGGGGAGACTGGAATTCCTGGTGTAGCGGTGGAATGCGCAGATATCAGGGARGGAACACCGRTGGGCCGAAGGCRGGGTCTCTGGGRGCHGTWACTGACGCTGAGRMKCGAAAGCRGTGGGGRAGCRAACAGGGATTAGGATACCCCCGGGTAG,Bacteria,Actinobacteria,Actinobacteria,Corynebacteriales,Corynebacteriaceae,Corynebacterium,matruchotii
MTTSSDCAATGGRSGVRASYCTGAHSSAGCVAHGYMGCGTGHRKGAWGRMGGYYYTMTGGRTYGTAAASYDCTKTYRKHAGNGARGMWVRVDDBNDDKNNDVDVVHVTKBRBDBDDDTGMVGKTAHYDDVHSARDAAGSRMCGGCTAACTMCGTGCCAGCAGCCGCGGTAATACGKAGGGTGCRAGCGTTATTCGGAATTACTGGGCGTAAAGCGCACGCAGGCGGTTRYYCAAGTCAGATGTGAAAGCCCCGGGCTTAACCTGGGAAYTGCATTTSAWACTGGRYRRCTAGAGTAYKWWAGRGGRRRGYRGAATTYCMMGTGTAGCRGTGAAATGCGTAGAKATDKGRAGGAAYACCGAWGGCGAARGCRGSYYYYTGGGWHKDWACTGACGCTSAKGYKCGAAAGCAGTGGGDGAGCRAACAGGGATTAGATACCCCSKGGTAG,Bacteria,Proteobacteria,Gammaproteobacteria,Cardiobacteriales,Cardiobacteriaceae,Cardiobacterium,hominis
MTTSSRCAATGGRSGVAASYCTGAYSSAGCVAYKCYGYGTGMRBGAHGAMGGCYYTTCGGRTYGTAAAVYKCTKTYRDHVGDSRNBARNVDNHDBNWKDBKRRHHDDBDNNNDVHKTGAVGGTANCBDMMBARRAAGSVMCGGCTAAMTMCGTGCCAGCAGCCGCGGTAATACGTAGGKSSCRAGCGTTRTCCGGATTYATTGGGCGTAAAGCGCTCGTAGGCGGTCTGTTAGGTCGGGAGTTAAATCCGGAGGCTCAACCTCCGYYCGCTCCCGATACCGGCAGACTTGAGTTTGGTAGGGGAAGGTGGAATTCCTAGTGTAGCGGTGGAATGCGCAGATATWWGGARGAACACCRRTGGCGAARGCRRGSYYTCTGGNCBRHWACTGACGCTGAGRMKCGAAAAGCNWGGGKGAGCRAACRGGATTAGATACCGGTAG,Bacteria,Actinobacteria,Coriobacteriia,Coriobacteriales,Coriobacteriaceae,Atopobium,rimae
CATAGTAGTGGGAAGCAGTGGGGAATHTTSSDCAATGGRSSNRAASYCTGAHSSAGCVAHKYHGYGTGHVBGAWGAMGKYYYTMYGGRWYGTAAASBDCTKTYRDNHGDVRVKAANDDNHBYNDDRBDNNWMNBKWVVBNNNDTGHMKKTAHCDNHHBARDAAGBVMCGGCTAAHTMCGTGCCAGCAGCCGCGGTAATACGKARGDBBCRRGCGTTRTCCGGAWTWAYTGGGYKTAAAGSGAGYGYAGGCSGBNWNWTAAGYSTGWWGTKAAAKKYWGDKGCTYAACMWYWRWHYTGCWKYGSRAACTGKNDRACTHGAGTGCANRMRRSGWRDGYGGAATTCMWBGTGTAGCGGTGAAATGCKTAGATATNWBGARGAACWCCGRTKGCGAARGCRGCDBWCBGGDVBRHNACTGACGYTKARGCDCGAARGGYGYGGGGKAKCRAACAGGGATTAGGATACCCTGGGTAG,Bacteria,Bacteroidetes,Bacteroidia,Bacteroidales,Prevotellaceae,Prevotella,aurantiaca
TTTGGACAATGGGSGCAASCCTGATCCAGCCATGCCGCGTGTMTGAAGAAGGCCTTCGGGTTGTAAAGKACTTTTGTTAGGGAAGAAAAGRRWDGTGYTAATACCVYHWTYTGCTGACGGTACCTAAAGAATAAGCACCGGCTAACTACGTGCCAGCAGCCGCGGTAATACGTAGGGTGCGAGCGTTAATCGGAATTACTGGGCGTAAAGCGRGCGCAGACGGTTACTTAAGCAGGATGTGAAATCCCCCGGGCTYAACCTGGGAACTGCGTTCTGAACTGGGTRGCTAGAGTATGTCAGAGGGGGGTAGAATTCCACGTGTAGCAGTGAAATGCGTAGAGATGTGGAGGAATACCGATGGCGAAGGCAGCCYCCTGGGATAATACTGACGTTCATGCYCGAAAGCGTGGGTAGCAAACAGG,Bacteria,Proteobacteria,Betaproteobacteria,Neisseriales,Neisseriaceae,Kingella,sp._HMT_012
ATCAGACACGGGAGGCAGCAGGGGAATHTTSSRCAATGGRSGVAASYCTGAYSSAGCVAYGCCRCGTGHVKGAWGAMGGYYTTCGGRTYGTAAASYKCTKTTRDNRDDGAVGAABDDRNRTGAGWRYGRAWAGTKCWBWSTARYGACRGTABHTNHHSARDAAGSVHCGGCTAACTACGTGCCAGCAGYCRCGGTMATACGYAGGDYSCGAGCGTTRTCCGGARTKAYTGGGCGTAAAGAGTYGCGTRGGCGGTTKKWTAAGTGAATAGTGAAATCTGGTGGCTYAACCATAYAGGCTATTATTCARACTGKMMAACTCGARAGTGGTAGAGGTCACTGGAATTTCTTGTGTAGGAGTGAAATSCGTAGAKATVWSRARGAAYWCCGATRGCGHAGGCAGSYKVYTGSRHYRHHWCTGACGYTAVAKGGCDCGAAAGCGTGGGKGAKCRAACMGG,Bacteria,Saccharibacteria_(TM7),Saccharibacteria_(TM7)_[C-1],Saccharibacteria_(TM7)_[O-1],Saccharibacteria_(TM7)_[F-1],Saccharibacteria_(TM7)_[G-1],bacterium_HMT_346
CTTCSRCAATGGRSGVAASYCTGAYSGAGCAACGCCGCGTGAGTGAAGAAGGTYTTCGGATCGTAAAGCTCTGTTGYWMRRGAMGAAMRMBKRKBWKRRDRRHAWKKWVHYNSDGTGACGGTAYYKWRCSAGRAAGSSACGGCTAACTACGTGCCAGCAGCCGCGGTAATACGTAGGTGGCGAGCGTTTGTCCGGAATTATTGGGCGTAAAGGGAGCGCAGGCGGRCATATMAGTCCATCTTAAAAGTGCGGGGCTCAACCCCGTGAGGGGATGGAAACTGYMWRYCTTGAGTRCAGGAGAGGAAAGYGGAATTCCHWGTGTAGCGGTGAAATGCGTAGATATWDGGARGAACACCRGTGGCGAARGCGRCTYTCTGGHCKRHAACTGACGCTGAGGCKCGAAAGCBWGGGGGAGCRAACRGG,Bacteria,Firmicutes,Negativicutes,Selenomonadales,Selenomonadaceae,Selenomonas,sputigena
HYTSSRCAATGGRSGVAASYCTGAYSSAGCVAYGCCGCGTGWVKGAWGAMGGHYTTCGGDTYGTAARVBWCTKTYRDHVSNSAVGAANRVNNNWNDDNBDDNWHVNNNNNNDNWKWGASGKTANSBDVMBARDAAGSVMCGGCTAACTMCGTGCCAGCAGCCGCGGTAATACGKAGGKBSCRAGCGTTRHYCGGAWTWAYTGGGCGTAAAGSGMGCGCAGGCGGYTWRRTAAGTCTGAAGTTAAAGGCWKTGGCYCAACCAWWGTWYGYYTTGGAAACTGTYARACTTGAGTGCAGAAGRGGAGAGYGGAATTCCATGTGTAGCRGTGRAATGCGYAGAKATDHGGARGAAYACCRRTGGCGAARGCRGCYYYCTGGBHYRWMACTGACGYTSAKGMBCGAAAGCKWRGGGKAGCRRAMMRG,Bacteria,Firmicutes,Bacilli,Lactobacillales,Streptococcaceae,Streptococcus,downei
MTTSSDCAATGGRSGVRASYCTGAHSSAGCVAMGYMGCGTGMRKGAWGAMGGCYYTWBKGRGTYGTAAASYKCTKTYRKNHGDGGRMKAAVRDNHDBBAKDDYDRMDWGTKVNBDNDDTAGWGHMGGTABCDBMHSARDAAGSVMCGGCTAAYTMCGTGCCAGCAGCCGCGGTAATACGKGARGKYSCRRGCGTTRTCCGGAWTTATTGGGYKTAAAGSGAGCGCAGGCGGKWRKRTAAGTCWGMWGTTAAAKRYYRKRGCYYAACRYMTRKTATYGCWKTKGAAACTRTWTWWCTTGAGTRCRSRMRGGGGAKRGYCGGAATTCMRKGTGTAGCGGTGAAATGCKTAGATATVHKAGAVGAACWCCGRTSGCGAARGGCRGCYHWCYGGGGDBGYGYAACTGACGCTGARGCTCGAARGGYGYGGGGGKAKCRGAACARG,Bacteria,Bacteroidetes,Bacteroidia,Bacteroidales,Prevotellaceae,Alloprevotella,tannerae
MTTSSDCAATGGRSGVRGASYCTGAHSSAGCVAMGYMGCGTGMRKGAHGAMGGYYYTMTGGRWYGTAAASYKCTKTYRKDWGDSRABAWMRWNDDBSRBRBKRRWAVKKTVVBHNHDKGMVKGTABCWBMHBARDAAGSVMCGGCTAAYTMCGTGCCAGCAGCCGCGGTAATACGKARGKYBCRRGCGTTRTCCGGATTTATTGGGTTTAAAGGGAGCGTAGGCGGACGATTAAGTCAGCTGTGAAAGTTTGCGGCTCAACCGTAAAATTGCAGTTGAAACTGGTTGTCTTGAGTGCACGCAGGGGRYGTTGGAATTCATGGTGTAGCGGTGAAATGCTTAGATATMWKGARGAACWCCGRTBGCGAAGRGCRKMTSTCYGGGVSTGYAACTGACGCTKARGCTCGAARGYGYGGGKRKAKCRGAACAGGGATTAGRWWHMCCYGGGTAG,Bacteria,Bacteroidetes,Bacteroidia,Bacteroidales,Prevotellaceae,Alloprevotella,rava
MTTSSKCAATGGRCGNRASYCTGAMSSAGCMAMGYMGCGTGMRKGAWGAMGGYYCTWYGGRTYGTAAASYKCTKTTRKWHGRGRAKAAMRDBBKTSWKRRKKVAMRKKTBMYHVHKTGMMGGTAYCDKAHBARWAAGSVMCGGCTAAYTMCGTGCCAGCAGCCGCGGTAATACGGARGGTSCWRGCGTTATCCGGATTTATTGGGTKTAAAGGGAGCGCAGGCTGCACTTTAAGCGTGTTGTGAAATGTACCGGCTCAACCGGTAACGTGCADCGCGAACTGGRGTRCTTGAGTACGVAGAGGGAARGCGGAAYTCVTGGTGTAGCGGTGAAATGCKTAGATATMWSGARGAACWCCRRTBGCGAAGGCRGCTBWCYGNDBYRNDACTGACGCTGARGMKCGAAAGYVYGGGGKAKCRAACAGG,Bacteria,Bacteroidetes,Bacteroidia,Bacteroidales,Prevotellaceae,Prevotella,pleuritidis
MTTSSKCAATGGRBGVRAVYCTGAMSSAGCMAMGYMGCGTGMRKGAWGAMKGYYYTAYGGRTYGTAAASYKCTKTTRTNHGRGRAKAAHRWDDGBGAGAGTRGWHRSKTNWVVBHNHABTGMMKGTAYCDNAYSARWAAGSRHCGGCTAAYTMCGTGCCAGCAGCCGCGGTAATACGKAGGDBSCRAGCGTTRWYCGGAWTWAYTGGGYKTAAAGSGHRCGYAGGCBGWKNSDYVMGTSWGNNKTDAAAKBYHSNVGCTYAACYCDBNRWNNKKSNDYKSRWACKGBBDVDCTWGAGTRYNDDHRRGRDDRSYRGAATTCSWNGTGTAGCRGTGRAATGCDYAGAKATNWSGVRGAAYWCCRRWKGCGAAGRGCRGSYBHYBRRGNNHRNHACTGACRYTBADGGHDCGAARGYRYGGGGGKAKCRAACAGG,Bacteria,Bacteroidetes,Bacteroidia,Bacteroidales,Porphyromonadaceae,Porphyromonas,sp._HMT_930
ATTGGWCAATGGRCGDRGAGYCTGAWCCAGCMAMGYMGCGTGCRGGATGAMGGCCCTWYGGGTTGTAAACYKCTTTTRTDYGKGRAKAARRDDTGTGAGRBBBACGTGTVSWBYHWKTGMMGGTASCRBAYGAADAAGGRCCGGCTAATTCCGTGCCAGCAGCCGCGGTAATACGGAAGGTCCRGGCGTTATCCGGATTTATTGGGTTTAAAGGGAGCGTAGGCCGCCYCTTAAGCGTGTTGTGAAATGCGGGTGCTCAACATCCGACTTGCAGCGCGAACTGGGGGGGCTTGAGTGCGCCGAAAGTAGGCGGAATTCGTGGTGTAGCGGTGAAATGCTTAGATATNASGAAGAACTCCGATTGCGAAGGCAGCTKACKGKAGGYRYAACTGACGCTKAWGCTCGAARGYGYGGGTAKCRAACMRGGATTA,Bacteria,Bacteroidetes,Bacteroidia,Bacteroidales,Prevotellaceae,Prevotella,sp._HMT_317
HTTSSRCAATGGRCGVAAGYCTGAYSSAGCVAYGCCGCGTGHVKGAWGAVGGYYTTCTGGRTYGTAAASBDCTKTYRKVVDDRRNBARVVNGHBKKWGASYRRHVNBDNSNBNHDDTGAVRGTANHBBMHSARDAAGSRHCGGCTAACTACGTGCCAGCAGCCGCGGTMATACGTAGGATCCGAGCGTTATCCGGAGTGACTGGGCGTAAAGAGTTGCGTAGGTGGTTYRATAAGCGAATAGTGAAAKCTGGTGGCTCAACCATTCAGAYTATTATTCGAACTGTTRAACTCGAGAGCAGAAGAGGWAGCTGGAATTTCWWGTGTAGSRGTGAAATSCGTAGATATWWGAAGGAACACCRATGGCGWAGGCAGSYYACTGGKCTGTWWCTGACRCTGAGGCACGAAAGCGTGGGGGRGCRRAMMSG,Bacteria,Saccharibacteria_(TM7),Saccharibacteria_(TM7)_[C-1],Saccharibacteria_(TM7)_[O-1],Saccharibacteria_(TM7)_[F-1],Saccharibacteria_(TM7)_[G-6],bacterium_HMT_870
MTTSSRCAATGGRSSVARASYCTGAYSSAGCVAYKYYGYGTGMRBGAHGRMGKHYYTAYGGDWYGTAAASYKCTDTYRDHNRDSRHBARNVNNNNDNDBDBDRRHWRBNNNNNDNDDWGAVGGTACNYDDVHBARDAAGBVMCGGCTAAMTMCGTGCCAGCAGCCGCGGTAATACGTAKGKBSCRAGCGTTRTYCGGAWTYATTGGGCGTAAAGCGCKCGYAGGCGGTYWRWTARGTCKGRWGTKAAAKSCSRNGGCTCAACCNYSGWNSGTCWYYSGAWACYGKYARACTTGAGTKYRGKAGGGGAARGTGGAATTCCTDGTGTAGCGGTGRAATGCGYAGATATHWGGARGAACACCRRTGGCGAARGCRRGSYYYYTGGDMBRHWACTGACGCTGAGGMKCGAAAGCBWGGGGGGAGCRAACRGG,Bacteria,Actinobacteria,Coriobacteriia,Coriobacteriales,Coriobacteriaceae,Atopobium,NA
MTTSGDCAATGGRSGVRGASYCTGAHCSAGCMAMGYMGCGTGMRKGAHGAMGGYYYTAYGGRTYGTAAASYKCTKTYRKNGNGDGRAKAANBWKDDBBASRKKKVVHRRYTMRNWHWKTGHMKGTABCNNAHSARDAAGSRMCGGCTAAYTMCGTGCCAGCAGCCGCGGTAATACGGAAGGTYCGGGCGTTATCCGGATTTATTGGGTTTAAAGGGAGCGTAGGCCGTAGATTAAGCGTGTTGTGAAATGTAGATGCTCAACATCTGACTTGCAGCGCGAACTGGTTTACTWGAGTGTGCRCAACGTAGGCGGAATTCGTCGTGTAGCGGTGAAAATGCTTAGATATGACGAAGAACWCCGATKGCGAAGGGGCAGCTKWCGGGGAGCRCAACTGACGCTKARGCTCGAAGRGYGYGGGGGGKAKCRAACARGGATTAGRWWMCCSKRGKTAG,Bacteria,Bacteroidetes,Bacteroidia,Bacteroidales,Prevotellaceae,Prevotella,oulorum
MTTSGDCAATGGRCGNRAGYCTGAHCSAGCVAMGYMGCGTGMRKGAHGAMGGCYYTWYGGRTYGTAAASYKCTKTTRYMNGRGRAKAAVRDBHDNBASRKKKSHHDGTTCAYDVDKTGMMKGTAYCHKRMSARWAAGSRMCGGCTAAYTMCGTGCCAGCAGCCGCGGTAATACGGARGRTNCDRGYGTTATCCGGATTTATTGGGTTTAAAGGGAGCGTAGGCBGSWGATTAAGTSTGTNGTGAAATKCWGKSGCYCAACKKYWGRCTTGCNGYGSAAACTGGTYTGCTTGAGTKCGSRCRASGHRRGYGGAATTCGTCGTGTAGCGGTGAAATGCTTAGATATNACGAAGAACWCCGATTGCGAAGGCAGCTKRCGKGGGNSYGYWACTGACGCTKARGCTCGAARGCGYGYGGRGTATCRAACAGGATTAGATACCCCYGGGTAG,Bacteria,Bacteroidetes,Bacteroidia,Bacteroidales,Prevotellaceae,Prevotella,sp._HMT_305
MTTSGKCAATGGRCGRRAGYCTGAMCSAGCMAMGYMGCGTGMRKGAWGAMGGCYYTWYGGRTYGTAAASYKCTKTTRYDNGRGRNBAAAACCGAGWRWNRRDBWVGWRWSNYYWCRNDKTGMMKGTAYCNBRNSARWAAGSRMCGGCTAAYTMCGTGCCAGCAGCCGCGGTAATACGGARGGYCCDGGYGTTATCCGGATTTATTGGGTTTAAAGGGAGCGTAGGCCGTAGATTAAGTGTGTTGTGAAATGTAGGCGCCCAACGTCTGCCTTGCAGCGCAAACTGGTTTACTTGAGTACGCRCAACGCAGGCGGAATTCGTCGTGTAGCGGTGAAATGCTTAGATATSACGAAGAACYCCKATTGCGAAGGCAGCTKRCKGGGAGYGYWACTGACGCTKAAGCDCGAARGYGYGGGGGKAKCRGAACAGGGATTAGGATACCCTGGGTAG,Bacteria,Bacteroidetes,Bacteroidia,Bacteroidales,Prevotellaceae,Prevotella,sp._HMT_396
